Sequence,Label
MSAFIVLGAQWGDEGKGKMTDYLAENADVVVRFQGGNNAGHTVVVGEKEYKLHLIPSGILYNDKLNVIGNGVVLDPKALFEEINYLESLGVEITPDRLIISDRAHVIMPYHRILDGIKERARGNKDIGTTGKGIGPSYTDKMERSGIRVCDLIHKEVFEENLKETLEVKNKIITEIFGGRALDYNEIYNEYLGYAEKLRPFVKDISVIVNKKIKDGKEVLFEGAQGTLLDIDYGTYPYVTSSSTIAGGVCIGAGVGPTAITNAVGIAKAYTTRVGKGPFPTELLDSTGDWVREKGHEFGVTTGRARRCGWLDLVILKTSARISGLTSFAVTKIDTLAGLDTLKVCTGYRLNGEIIDYVPASLEDLAKCEPIYEEFEGWDDSIANARCYEDLPENAIKYLKKIEDFTETKVSIVSVGPKRDQTMMISEI,1
MDNNFRCIAFDLGGVLFSAGKEFAKAEWSSYGYDVVLIHDELVSEKAQQLRKGMISDNEFWNIYLKSKVPSNYDVDLIKQAYYRGYILDEDLSNWMKNTLKKPGNNYKLVAFSGNIPSRIQYLEDKYHFRSLFDAEAYSFDCGATKPDNYFIEYLIKICFPQETKDVVLKHGEPLIGQQLSLFQELGKQILYLDDSVKDSAPAKRYNINTFIYERGHINKLFEKYPNLNK,0
MATLKTTIFIIFILYISCTMFVNIFRVQADASCLTTKECVVRCSDEDAQCIHGECHCPHLKVDIEPTKAIRCKTDLDCPDPHQCPKYDYYACLNNGECTCISV,0
MAQFLGLGDIGGNLVYELIMILYKIFKFISLKILDGLGNFMEIALEYLVKFVYQITRFIHR,0
MVMVTQKIYIELKAFDSYLLDRSARSIILTAKRSGARVNGPIFFPRRVAKFIVNRSTHVDKKSREQFEIRTHKRLISLPKANSTIIQALMSLQLPAGVDVKVKVIGGSNG,0
MNKNPIYRSEEEAKNIACGNVAAELDENSQALDAINGAGWKQTIACTIAQGTLGCLVSYGLGNGGYCCTYTVECSKTCNK,0
MSLYIYDIKVKEMSQEVQIKLYPKQKELLIRFFSLAQKDSDNDLCIPMYTSEGKLFLFQKDANRYQYFGYLRIKRLVDKNIFFIKIKRVKRDKKFLCIKEDIVDYVRLLLES,0
MKSSMAILLVMALIIFTLDKNYSTAKDLPSCEKGIHRKVTCKQCNKRSDNDDDYTKCCNSFDAFLMCGFLLSKES,1
MNKVYLVAILVLSVLLVANVSPIEGVPTGGCPLSDALCAKYCKSNKYGKTGKCTGTSKGTCKCLV,1
MLLYIVIIVACIISKLVPNEYWAIHLFFIIMIFMVYMYKKLDIHQKYQFWNYTMSGLSGHNVQVTCKCY,0
MKTAKEYSDTAKREVSVDVDALLAAINEISESEVHRSQNDSEHVSVDGREYHTWRELADAFELDIHDFSVSEVNR,0
MMKLVLFGIIVILFSMIGSIHGSDPPGNYPLNTYGNKYACTILGENDFCQKICKVHGVQYGYCFNSRCWCEYLEEKDVNIWDAVKRHCKNTILYPKGK,1
MEKLQNRILQEGHALSETVLKVDSFLNHQVDPDLMYEIGTYFKNYFKEHKITKVFTIESSGIAPAVMTAMQMNLPMVILKKQASKILNGDVYQTTVHSFTKGLDYELTLSKKYIAKEDNILIIDDFLANGEAALGAARLVKEAGAKVAGMGIVIEKSFQPGRKMLEDKGYDVYSLARIAKLQKGLIEFVK,1
MARGGFPNMGGANMNNLMKQAQKLQQDMEKMQGEMEKKEFSATVGGGAVTAVANGKKQIVDIKIEPEVVDEDDIEMLEDLIMSACNEALKKAEEDTSSEVKRLTGGMNLPGMF,1
MDVRFRLCLFLVILVIVANANVIKEPEKRFHPNLWRPPRCDWPHGVCSYIRDRCAPDTPFPCGPIFACPLPTNKCCCRRPYLPPWAGRR,1
MFTVFLLVVLATTVVSFPSDRDPASNHENSKGSNRNAWFTPEECCAAPACRGMILEFCLAGEAFAAALDGFRRLPYRLSSE,1
MYACARTTKINHFRGTSTTQNPNRGLEPSPSSYVTRRSKEKRPINVEKRSHKKRKIICPLEEEPIQTTPPEWLLNVMRREENGYNPKLISTRQLYKTDLKKTEARLSVPFKQVKTPDFLTEDETRIIHENAMKIRDNGVPVNFVDPELNKHVLELRKWKMKGNWIYVFVKGWKNVLDACKTLFKEDDVYPLWSFRSGTGKLCFALTPKNSGRGNSLPGGDGASTSGESGQVPLPIPPARYSSNSGQGCSGESSSSSS,0
MYPAHLLVLLAVCVSLLGASAISPRPLNLIQFSQLIQCANKGKRPTLHYMDYGCYCGKGGSGTPVDALDRCCKTHDDCYGQAGKKGCIPFVTLYNFGCFPGAPQCGKGNTCQRFVCACDLKAALCFAKSPYNNNNYNIDTKKKCQTLIYARLQTQ,1
MLVITRKKGESLLIGDDIEITVVKLDDGSVKLAIDAPKNLTILRKELYNEVQEENKKATNFNPSILKNIKSK,1
MGKKKKKRKSSAFKIILNVFLSIFLVAGVAFGGIVFAMIKTAPPLNVQQVLTFDEPSILYDDKGQYMDKVITNEQRIVVDYKNVPQNLKNAFVSIEDERFYKHHGVDIKRFTGVILINVTNKIKRSSKLQGASTLTQQLIKNTVLSSEVSIKRKVQEMYLSIQLEKELSKDEILGAYMNSIFLGGNALGVEAASKQYFNKSVKDLSLIECAFIAGVPQSPSVYYPYSSASKKNPSIYLNRTKTVLYKMLDNGYITQNDYNKALKDLDSKKLVFAKPSAPSNKLAYEWFSIPAIEQVKKDLKTQYKYDDKQIHNLLVNGGLKVYTTMNKNLQDKTQNTINNAYYLNSYKSNGMIYPQASAVIMDYHNGEVKTIIGGRGDQPARSYNRAASYNYLRPAGSSIKPLTVYSAAIDSKKATAATGFEDSPIPNNIGRKYSSGAPYNPKNSPDIYYGYVNVREALMRSINVVAVKLVDKIGLNTSIQYAEKFGIPIDQHDRSSIASLSLGELHKGTNPLIMAQAYGVFGNNGTYTEAKLYTKVVDRTGKVLLEPKTNTKKVLSPEAAFITYDMLQGPVSESGTGPQANFGNMEVRGKTGTSSDMKNLWFCGLTPYYSAAVWIGNDNSSTVDGVYSSTAARLWGDIMKEFHVNLPYKQVQKPASVVTANVDRISGKLPTQLSYRDPRGSTVYNEFFINGTIPTEYDDIHVEAQINKLTGKLASKFTPSFLVESRVFLRRDYSPGVELLDQQWLLPYSIDEGGSLPPTEEKNNSNTRDKNKDKNKNKNKDKNPSQDKPNNNNNDNNSNNNNNNNDNNNNTKPPENDSNQNHEDNKNKQ,1
MNNMNINEMLKQAKKMQSEIELKEKELYKKEFTIEKQGLTLVLNGKREVLKIDINEALVDPEDKDILEDLLLLAFNEAMEKIDEAHKEIEKQIPSGKLPF,0
MAKGKDVRVTIILECTNCVRNDIKKESPGISRYITQKNRHNTPSRLELRKFCPYCYKHTIHGEIKK,0
MVKCFDFFLSLNFGKMTKLLVWRTDKPQDDMPQTPNSQVTIVSRDHPRGGNY,0
ASCAARACALSGSNITVTYCSCTDGTTHVCPDGDSHETNDMYFCENISGVAACPDTNTVAVEVIYRDDSTNPIEGFQLHCRCSTYESSGLHYVCEELIG,1
MVLGKPQTDPTLEWFLSHCHIHKYPSKSTLIHQGEKAETLYYIVKGSVAVLIKDEEGKEMILSYLNQGDFIGELGLFEEGQERSAWVRAKTACEVAEISYKKFRQLIQVNPDILMRLSAQMARRLQVTSEKVGNLAFLDVTGRIAQTLLNLAKQPDAMTHPDGMQIKITRQEIGQIVGCSRETVGRILKMLEDQNLISAHGKTIVVYGTR,0
MNNLKPFIYYDWKKTILKNAKESYSINEIIPKTFFMELHGTKITNSTLNGTWKAWNLTDEGEGSHPVLKCIIDDGYLDMNFGASSEKIPLKNVWIKLCMKINPNSDGTYSIPEKSSSFYIKDNSLKISKDNLILDKYLNKLMLSYFKNNIKNIEMFINKSRIQTKVVGDLSLLGWNTENSVSFRTMNEFIKKDNLYPKDFKAVYSYRKMTFTATGTFDSWEMTTGADGRNIRFKCPIKSAAYDLDGDVFNSSTENFLLIQVDLTYFDSKTTINDPTGENDGKQFNLKVKTNDDKLKNVLIVTYNLTDTDGSMSSEDKDFLSLAFRNWFNDNIQQFEQIFAYILLDETAKIPEYQWLKPTQISYGSASVETANDEPDLDASIFSAMSMVENNTNSTPSHAVDNRMLQLTKTQAAFGISFPLFIEHFLKQALLSSQFISVDDIVADINTLTITNNKQIIFGKVENSDGKNVDSSLKPGKLKLSLQNNLIVLELFDLTWEQGRGVTGHFDFRQEYELTLESKSEKQIPILKVHDEPEIEYYVEEAQWKANEDMIVSAVVGTVFSMILGAGMKLAGSALSKAGKLIRSKATTIKGRKKIYINRSNVRQLRKDSGVTEMELQRINRRNSSIASEDARFISNNGTTSIQTLGDMKKKPMSTGQRIAIGVKKITGTAVMFGAVGLGMNFGEMLINYINAMENNDYSAIPGINSFMQQCIGAMQWPDKDSELKVTFGKLQGIYLLGGTLEKNNKPNSK,1
MSTVPVVQGAGSSNSAQDISTSSAPLTLKERISNLLSSTAFKVGLVVIGLLLVITALIFLVSAASFVNAIYLGIPAILGCVNICVGILSIEGHCSPERWILCKKVLKTSEDIIDDGQINNSNKVFTDERLNAMDGVVESLSRRNSLVDQTQ,0
MKKYFVLLLAVLLVGGLFAVKITMTSGGVGKELEVLKKQLEMFHQQYPDIEVEIIPMPDSSTERHDLYVTYFAAGETDPDVLMLDVIWPAEFAPFLED,0
MKTLLLTLVVVTIVCLDLAYTRKCYKTHPYKSEPCASGENLCYTKTWCDFRCSQLGKAVELGCAATCPTTKPYEEVTCCSTDDCNRFPNWERPRPRPRGLLSSIMDHP,1
MKLWGGRFKEEESKLMEDFNSSLSFDKKLYYEDIKGSIAHVKMLTNQNIIKEEEKEKILLGLEEILKEIDEGILKIEGDYEDIHSFVEINLINKIGNVGKKLHTGRSRNDQVALDMKLYAKKSTEEVIECLKELMDSLIKVGNENNYIMPGYTHLQRAQVVTFRYHLLAYFEMFKRDEKRLENALEILNESPLGSGALAGSTYNIDKEYTAKLLGFRKPVDNFLDGVSDRDYIIELISKFSIIMMHLSRLSEELILWSSSEFRFIQIGDAYSTGSSIMPQKKNPDGAELIRGKIGRVYGDLISILTVMKSLPLAYNKDMQEDKEPFFDAKDTVISCLKVMEGIISTLKVNKENLMKSVKKGFLNATEAADYLVNKGMAFRDAHKVIGEVVIYCEDKNSAIEDLSLEELKQFSDLFCEDIYEFIDYKNSINKGIKKEMGYF,1
MEYRKRVDALVFFSLLLLGYFAAHAHGKGHVTDDVGVSTPAKEGIMQGNGARCVVGFPPCKDNKCYCCIGGRTHARYSTMAECRHACF,0
MENTQVIDWDAEEEEETEISSGSLGYSVEPIGRLRFFSGTHGPERDFPLYLGKNVVGRSPDCSVALPFPSISKQHAVIEISAWNKAPILQDCGSLNGTQIVKPPRVLAPGVSHRLRDQELILFADFPCQYHRLNVPPPLVPRSLLTIEKTPRIRGRSQNSRVLLAEDSEEEGDFPSGRSVANGSRNTASPSATVVPESDEEGSSPGPSVPGPSSPFGLGSDTDESQGQQPGVEESSLADNSGAAGEPEQPEVNGVTTGTLAQPTKDKFKDTKMKEEAGSAGVPVGSVVEGSPTLGEDSDTEADEERQPSGSGDSDTDVEEERVPVKKNQVLLGVGIGGPGARGVAHLQDSPTGSDTDVEEDKTALAAPPERSHTAMVINSDTDEEERGEEEEVSAALTLARLKERGIALWSGEPGTEEVKSQPQVLVERSQSASGRDSDTDVEEGSSGGKREIVPDSPMDVDETLTVTQPESQPPCRPNDVDEDVDMSSPGSHLEGKKASSALVDKNRAQVEEEVPGPSVTLGEKHQVPLEGAQPPEEARETAVQEGSSSPVADIRMSQQPVAEDAGTECAAAVSEQKSALEVGAQSRSPAAPVEQVVVRTDTSGDPTLPQREGAQTPTGREREAHVGGTKHAKECCDEPEDLCLSATQCFVEGESQHPGAVQSLEDEPTQVFPCLPQEPGPSHLSLPTPGADTLDVPWEVLATQPFCLREQTETSEPIDTHEAHGSQPSLPGEPPGHQHPVPTSLDHTELLRIDDREMQTVEKAMGHLSCQMMPDGKASGDDPEPSDHRLFSPVPEASASPQSLLTSQSQKQSTPQPMFPTSSSELALPETLHTKPNVRPRRSSRMTPSPHSSAALKPYTTCPTNQPAASRPTSRPTRGRANRSSTRTPELIVPTGPELQPSTSTEQPGIPNLTSQVTEGRAHSTSVNMPEPVLTGPEAQPLTSAEQSVTSNLNPRAQPLTLEPVPQTSHQRRRRATGKQGSRTAPVGPKSYSTPAEPEPQSSASQSSGASEADSPHQKRPRRQVTQKTVVVKEEDPGEIQVKEEPQETAIPTPGKRKRDPAEGETQGNPTRSRRTKPNQEAAAPKVLFTGVVDSRGERAVLALGGSLASSVNEASHLVTDRIRRTVKFLCAVGKGIPILSLNWLYQSRKAGCFLPPDDYLVTDPEQEKNFSFSLRDSLSRARERRLLEDYEIHVTPGVQPPPPQMGEIISCCGGTVLPSMPHSYKLHRVVITCTEDLPRCAIASRLGLPLLSPEFLLTGVLKQEATPEAFVLSNLEM,0
MPVSFYDEIELEDMSYDDEKDVFHYPCPCGDRFEITRQQLKDAEDVARCPSCSLIIRVVFDPIDFEDGDEDEAPVNTIDVASQAVAAAA,0
MGSVGSQRLEEPSVAGTPDPGVVMSFTFDSHQLEEAAEAAQGQGLRARGVPAFTDTTLDEPVPDDRYHAIYFAMLLAGVGFLLPYNSFITDVDYLHHKYPGTSIVFDMSLTYILVALAAVLLNNVLVERLTLHTRITAGYLLALGPLLFISICDVWLQLFSRDQAYAINLAAVGTVAFGCTVQQSSFYGYTGMLPKRYTQGVMTGESTAGVMISLSRILTKLLLPDERASTLIFFLVSVALELLCFLLHLLVRRSRFVLFYTTRPRDSHRGRPGLGRGYGYRVHHDVVAGDVHFEHPAPALAPNESPKDSPAHEVTGSGGAYMRFDVPRPRVQRSWPTFRALLLHRYVVARVIWADMLSIAVTYFITLCLFPGLESEIRHCILGEWLPILIMAVFNLSDFVGKILAALPVDWRGTHLLACSCLRVVFIPLFILCVYPSGMPALRHPAWPCIFSLLMGISNGYFGSVPMILAAGKVSPKQRELAGNTMTVSYMSGLTLGSAVAYCTYSLTRDAHGSCLHASTANGSILAGL,1
MRIVNAADPFSINDLGCGYGALLDYLDARGFKTDYTGIDVSPEMVRAAALRFEGRANADFICAARIDREADYSVASGIFNVRLKSLDTEWCAHIEATLDMLNAASRRGFSFNCLTSYSDASKMRDDLYYADPCALFDLCKRRYSKSVALLHDYGLYEFTILVRKAS,0
MEPSGKEDHNCPPQDSGQEEIDYKQLLEEYYQPLQACENKCWCKKCCFHCMLCFQKKGLGIRYHVYRKRVPGTNKKIPGSGEEAIRRAIDLSFHRTASRTYTANGQTTEKKKATA,0
MQQFLTLGALWTLFNVATTISLPKYSSSQTYFAQSDPNIPVSQVDDTNNFGLKSQYSWDDVVSNLASNEKLFFLQRHGQGWHNVAPSNFSRVDWNCYWAEQSGRDGVVWEDAELTPKGVQQIQNLHQRIKDTPDFPQPEKFFVSPLRRTLQTWNITWNGLPHKTPLIKEFAREIYGIDSESKRHNKTFIHNYVPSFEFESGFTEQDENWSPDKSESDQHCDYRAAVLLQDIFNDSPDEKVISVVLHSGIIYCLLDVVGHRYFPMATGGAIPVVIAIENYNTDYPLNDAWDTFKDWCPNPPASISGTATSTATGSA,0
MYLQCYINEKGEKVYTTKKESPLGLATESAHPARFSPDDKYSKQRVLLKKRFGLLPTQNAPLQY,0
RICLNQQQSTPEDQPTNGQCYIKTDCQNKTWNTHRGSRTDRGCGCPKVKPGINLRCCKTDKCNE,1
MMQMSDKFNYEELGLKVGLEIHRQLDTKKLFSPVPTKFSDEVDFTFQRRLRPTMSELGEVDPAALEEFKKGRVFIYEGNYQLTDLVYMDEEPPRGPDKEALEVALQIAYLLNAKPVDEVYYMRKIVIDGSNVSGFQRTAIIATDGKVETPWGTVGIPTICLEEDAARIIERKEKEVIYRLDRLGVPLVEISTTPDIHHPEQAKVVAKFIGDALRATRKVKRGLGTIRQDLNVSIKGGARIEIKGVQELDMIPLIIEREVERQLNLLKIRDELQRRGVRPEDIKEEFYDVTDVFTNTKSKIIARAIKKGGKVLAIKLPKFRGLIGREIQPGRRLGTEFADRARKYVPGIFHIDELPNYGITQEEVNEVIKRLGLGEEDAFVLVAAEEERAKNALREVIKRAKEAIIGVPEETRRALPDGNTEYMRPLPGKARMYPETDIPPIRIPDELKRKIKENLPELPQVKVEKYVREYKLDRSLAQTLVDDERDELFEELVQMGVKPSLAASILVVVLKGLRKEVPIENISDEHIKEAFSLYLEGKIAKEAFEEIFKEIARNPNKTARQIAEEKGLTLLSEDEVRKIIDEVIEQNIEVVKNKGMGAMGLIMGRVMAKVRGKADGKLVSQIVKKRLQEIVGGGV,0
MAAENEASQESALGAYSPVDYMSITSFPRLPEDEPAPAAPLRGRKDEDAFLGDPDTDPDSFLKSARLQRLPSSSSEMGSQDGSPLRETRKDPFSAAAAECSCRQDGLTVIVTACLTFATGVTVALVMQIYFGDPQIFQQGAVVTDAARCTSLGIEVLSKQGSSVDAAVAAALCLGIVAPHSSGLGGGGVMLVHDIRRNESHLIDFRESAPGALREETLQRSWETKPGLLVGVPGMVKGLHEAHQLYGRLPWSQVLAFAAAVAQDGFNVTHDLARALAEQLPPNMSERFRETFLPSGRPPLPGSLLHRPDLAEVLDVLGTSGPAAFYAGGNLTLEMVAEAQHAGGVITEEDFSNYSALVEKPVCGVYRGHLVLSPPPPHTGPALISALNILEGFNLTSLVSREQALHWVAETLKIALALASRLGDPVYDSTITESMDDMLSKVEAAYLRGHINDSQAAPAPLLPVYELDGAPTAAQVLIMGPDDFIVAMVSSLNQPFGSGLITPSGILLNSQMLDFSWPNRTANHSAPSLENSVQPGKRPLSFLLPTVVRPAEGLCGTYLALGANGAARGLSGLTQVLLNVLTLNRNLSDSLARGRLHPDLQSNLLQVDSEFTEEEIEFLEARGHHVEKVDVLSWVHGSRRTNNFIIAVKDPRSPDAAGATIL,0
MDKEVPKGSPREPALNIKKSDKSFKRKKPTENVLIFLINRQLGRHRSDIDLSRWVWMLS,0
MPITINNFRYSDPVNNDTIIMMEPPYCKGLDIYYKAFKITDRIWIVPERYEFGTKPEDFNPPSSLIEGASEYYDPNYLRTDSDKDRFLQTMVKLFNRIKNNVAGEALLDKIINAIPYLGNSYSLLDKFDTNSNSVSFNLLEQDPSGATTKSAMLTNLIIFGPGPVLNKNEVRGIVLRVDNKNYFPCRDGFGSIMQMAFCPEYVPTFDNVIENITSLTIGKSKYFQDPALLLMHELIHVLHGLYGMQVSSHEIIPSKQEIYMQHTYPISAEELFTFGGQDANLISIDIKNDLYEKTLNDYKAIANKLSQVTSCNDPNIDIDSYKQIYQQKYQFDKDSNGQYIVNEDKFQILYNSIMYGFTEIELGKKFNIKTRLSYFSMNHDPVKIPNLLDDTIYNDTEGFNIESKDLKSEYKGQNMRVNTNAFRNVDGSGLVSKLIGLCKKIIPPTNIRENLYNRTASLTDLGGELCIKIKNEDLTFIAEKNSFSEEPFQDEIVSYNTKNKPLNFNYSLDKIIVDYNLQSKITLPNDRTTPVTKGIPYAPEYKSNAASTIEIHNIDDNTIYQYLYAQKSPTTLQRITMTNSVDDALINSTKIYSYFPSVISKVNQGAQGILFLQWVRDIIDDFTNESSQKTTIDKISDVSTIVPYIGPALNIVKQGYEGNFIGALETTGVVLLLEYIPEITLPVIAALSIAESSTQKEKIIKTIDNFLEKRYEKWIEVYKLVKAKWLGTVNTQFQKRSYQMYRSLEYQVDAIKKIIDYEYKIYSGPDKEQIADEINNLKNKLEEKANKAMININIFMRESSRSFLVNQMINEAKKQLLEFDTQSKNILMQYIKANSKFIGITELKKLESKINKVFSTPIPFSYSKNLDCWVDNEEDIDVILKKSTILNLDINNDIISDISGFNSSVITYPDAQLVPGINGKAIHLVNNESSEVIVHKAMDIEYNDMFNNFTVSFWLRVPKVSASHLEQYGTNEYSIISSMKKHSLSIGSGWSVSLKGNNLIWTLKDSAGEVRQITFRDLPDKFNAYLANKWVFITITNDRLSSANLYINGVLMGSAEITGLGAIREDNNITLKLDRCNNNNQYVSIDKFRIFCKALNPKEIEKLYTSYLSITFLRDFWGNPLRYDTEYYLIPVASSSKDVQLKNITDYMYLTNAPSYTNGKLNIYYRRLYNGLKFIIKRYTPNNEIDSFVKSGDFIKLYVSYNNNEHIVGYPKDGNAFNNLDRILRVGYNAPGIPLYKKMEAVKLRDLKTYSVQLKLYDDKNASLGLVGTHNGQIGNDPNRDILIASNWYFNHLKDKILGCDWYFVPTDEGWTND,1
MQIRQSIKLKKPLIHYITNPISINDCANIILAAGAKPIMAEHPLEVSEITSVSKSLGVNLGNITDNKMKSMLISGKTAYENKIPQVIDLVGVGCSKLRLDYAKKFISECHPNVIKGNMSEIKAIYGIKSSAKGIDVGACDIITKQNFDENIEMIKRLSMETGSVVAATGVVDIISNGTYTYIISNGCEMLSMITGTGCMLTGLIASYISSENILDGTVLAVALMGICGELSQHAKGTGSFRNELTDNMFSISDDIIIKKIRINSY,1
MSKDLISTDEYIKIKKKRKRIKKIVVLFIFLISILVTLCLKIPYFNIESIEIKGNVNIPKEVIKDSSTIKTGNNIFYTNKKDAIENISLNPYIEEVKITKKLPNKLQIYVKEREALFYNKVDNDFFIISKNGCVLEKRKEIKNMKLINLQGFEFNESKIGSALKAKDERAVKILNDFGVLLKNNTSDVIFTQLDLRNLLDIKIYYNGICVKIGTSDQIEKKLNTAINILKRDELKKAKKGYVDVSYEGNPVFYIEK,1
MKNLLICIIKMYRKYISPLKRPSCRFYPTCSQYSIEAIEKYGALKGTLISIKRILKCHPFNEGGYDPVK,1
MNLKVLAVFVLCAILVVVTAERRGTETGVYKKDTLQDLIKRTRNCIDRFPTGTCKQVKKGGSCKNSDKYRMNCRKTCGLC,1
MASGSCSAFNFNQMLDGVCKYVQGVQQYLTELETSTQGTVDLGTMFNLQFRMQILSQYMESVSNILTAVNTEMITMARAVKGS,0
MRIGLGYDVHKLVENRPLIIGGVTIPHDKGLLGHSDADVLVHAIMDALLGAAALGDIGKHFPDSDKNFKNISSLLLLSKVKDLINKEGYKIVNIDCTIIAQKPKMLYHIDAMKKNICKCLKLDNNMLNIKATTEEGLGFTGKEEGISANAICLLD,1
MGFKNVNNLEDDDDENYVGEDSNILNILDRIDTNISLAKNNIIQPLKTSKGDNKVEKPTDDGSNEEIKVPSSVYKKPDEPPLTTISSMYSTNTTSKPIPPNNNNNNNNNNSKITKLISNKKTETSTTKTETSNTNINPNSPPSVHGTKLIDLD,0
MKIAEIRELSTKELLERVDAEVAAYDQKKINHSISPMDNPSQIKQQRRLIARMKTELRQRELNNK,0
MLKGRNLLDPMDFSLEELEEVFKLADEIIEEPEKFLHVCDGKILATLFYEPSTRTRFSFEAAMLRLGGQVIGFSEPNSSSVAKGESVADTIRTVGCYADIAAMRHPKEGAPAIAAMYSDIPVINAGDGSHQHPTQTLTDLLTIRSLKGDLSNLTIGCCGDLKFGRTVHSLVKALSRYKNNKFVFMSPEELKIPDYIRKEILEKNNIEYKEISKMEDAMAELDILYMTRVQRERFFNEDDYVRLKDSYILDGEKMKYAKKDMMVLHPLPRVNEIAYEIDQDPRGCYFKQAKYGMYVRMALIAKLLGVR,1
MVTMAIKNFHIQDDRLKNGRGNKTMSESDYNTSDSGGWVLVRKKRDRSTRPPDVVDRWSNSTSTFPMGLDQIKIKRNGCVNTY,0
MTKLAQWLWGLAILGSTWAALTTGALGLELPLSCQEVLWPLPAYLLVSAGCYALGTVGYRVATFHDCEDAARELQSQIQEARADLARRGLRF,0
MTKDRLAALQAAQSDDEDMPEDVAVPVEGSFMEDFFKEVEEIRMMIDKIQANVEEVKKKHSAILSAPQSDEKTKQELEDLMADIKKTANRVRGKLKGIEQNIEQEEQQSKSNADLRIRKTQHSALSRKFVEVMTEYNRTQTDYRERCKGRIQRQLEITGRATTNEELEEMLEQGNSAVFTQGIIMETQQAKQTLADIEARHADIIKLENSIRELHDMFMDMAMLVESQGEMIDRIEYHVEHAMDYVQTATQDTKKALKYQSKARRKKIWIAICVLIAIIILVVFLAIYLT,1
MRIWSLTRILTFIVIFNFAEAGGECMKKCDSPDMIREIFTRCTMVKRDTQFSENSGHLIPKRSVVADNKCENSLRREIACGQCRDKVKTDGYFYECCTSDSTFKKCQDLLHK,1
MDKAKKQELMAKHARHEGDTGSPEVQIALLTERINHLNSHLKEHKKDHHSRRGLLMMVGKRRGLLNYLMREDIERYRAIIKELGLRK,1
MSSERTFLPNGNYKIKSLFSDSLYLTYSSGALSFSNTSSLDNQKWKLEYISSSNGFRFSNVAEPNKYLAYNDYGFIYLSSSSNNSLWNPIKIAINSYIICTLSIVNVTDYAWTIYDNNNNITDQPILNLPNFDINNSNQILKLEKL,1
MEFFNILQSACNDVNLDFNDKKYNQLISYKNLIQEWNKKINLTAIVEDDEIIKKHFIDCIKIFKSSPIGEAKSLIDIGTGAGFPGIPIKILKEDIEITLLDSLQKRINFLNTVIGELQLKNIQCLHGRAEDYAQEIQHRQKYDIAVSRAVANLAVLSEFCIPFVEKGGYFIAMKGPSVEEEITAATKSIEILGGKIEDIIKIDIEDTDLKHNLVIIKKVKETGKRYPRKPGIIKKNPLK,1
MAVRIARFLGLSTVAYLALANGIDARDTISRDVIILGGGSSGTYAAIRLRDQGKTVAVVERNNYLGGHGETYYTEDNTPLNFGVEGFFNTTVTRNYLERLQVPYGRRDPAPAHEDYVNLNTGQRTEYTPGQLQDREAFAKWVDAISQFGFLDDGVYRIPEPVPEDLISPFADFVKKYHLEDAVYALFSHTSGDVLEMITLYVIQYIGVPHAAALNEGYVRPIEGIAALYKSAGKELGSDVLLETTPEAVQRFEDGVEVIVRSADGTKTLLKGKQLLVTIPPLLENLHGFPLSDQESRLFSKWQYHQYWAALVNDTGLPDDVNIVNVDTERLYGVPEEPFIWRLDNHWAPGYHNIKLVGGSEFGEDEAKAYMYERLDLLHAEGTYATHKPEIVKFASHTPVTMFVSAEEIRGGFYRQLYELQGLNSTFWTGATWASDYSTLLWGYTDEVLDQMASS,1
MRPFLVFVLIVSVSLAFSFEDMPNKGGDSVASITADQARGHKRNPLFPFAQRSLTELKAGGCPLYCSSQIFCCHGRKCRNVDGRLKCVTEASMLGK,1
MSGDKTIQFDPVENKKTLTKEILTKVYNSLLEKGYNPVNQLVGYLISGDPTYITNYNGARSLVIKLERDEILEEVIKSYLGIN,1
MHPFQWCNGCFCGLGLVSTNKSCSMPPISFQDLPLNIYMVIFGTGIFVFMLSLIFCCYFISKLRNQAQSERYGYKEVVLKGDAKKLQLYGQTCAVCLEDFKGKDELGVLPCQHAFHRKCLVKWLEVRCVCPMCNKPIASPSEATQNIGILLDELV,0
MSGGGVFTDILAAAGRIFEVMVEGHWETVGMLFDSLGKGTMRINRNAYGNLGGGGGSLRGSSPEVSGFAVPTKAVESKFAK,0
MKSIVFVALFGLALLAVVCSASEDAHKELLKEVVRAMVVDKTDAVQAGERECRWYLGGCSQDGDCCKHLQCHSNYEWCIWDGTFSK,1
MFKQLILLALAAVFLLINISSAEPAAEPNANAEPLAEASAEPRIKIGLFDQLSKLG,1
MSINDKPIGFFDSGVGGISVLKEAFKLLPKEDFLYYGDSKNAPYGTKKVEEVKALTFNATDFLMSKGIKALVVACNTATSVTINDLRENYDIPIIGIEPALKPAVELKKGGKIIIMATPMTLAEKKFANLMDLYKETEDIEPLPCPGLPELIEQGIVSGDVIYNYLKDKFSKYDNEKISSIVLGCTHYPFIEETLKEVTHNKACIIDGSFGTSRELKRQLKNSNMLTEENRVGKVTIFNSREDKDIIDLSYKLFNMK,1
MKKIILVAGGTGGHFFPAVALGEELIKRGYIVHFITDLRCKKYINKDMKIIFYLLDLKRFSNILLFLPTLLIAFLKSIKLIYHIKSCVIIGFGGYPVIAPMFAAIFLRIPIIIHEQNSYLGKVNKFFARFAKKIAISYEDIKNVPEFAKSKIVLTGGIVRKNIRELDSFIYLASQHCPTKLTKTVLTNTLNHFVKARNNKFSNCNIFTLFIFGGSQGAKLFSELIPASIEILMKKQPNLELKIIQQASLAHQVKIKDIYSKLNITYEFAEFFDNIALQYKVANLVISRAGASTIEELTYIGLPTIFIPLPSAADNHQYYNAKLLADNKAGWCLEQNNISAEKLADQILDLISNRQLLEDAAQNLLNRKQEGHLLLSNLIEDTVFL,0
MKKIGVESGLSAIADYLKNEGYSVELLGGNLENNAAKCDSFDAVVTADYNTNMMGFCNTSTKTPIVNASGLTREEVKNMIEQKTSR,0
MFTKKNYKRVIYNIVGYLGEILIIWFLKCKGYYIIKHRYKCILGEIDIIACKNKYLAFIEVKTSIFGSEIPITNKQQRSIIKAAKSFITYHTKFEEYNIRFDLYFFSLSKGLIHIPHAWQEF,0
MSTKNRTRRTTTRNIRFPNQMIEQINIALEQKGSGNFSAWVIEACRRRLTSEKRAYTSIKSDEE,0
MQPPPRKVKVTQELRNIQGEQMTKLQAKHQAECDLLEDMRTFSQKKAAIEREYAQGIQKLASQYLKRDWPGIKTDDRNDYRSMYPVWKSFLEGTMQVAQSRINICENYKNFISEPARAVRSLKEQQLKRCVDQLTKIQTELQETVKDLVKGKKKYFETEQMAHAVREKADIEAKSKLSLFQSRISLQKASVKLKARRSECNTKATHARNDYLLTLAAANAHQDRYYQTDLVNIMKALDGNVYDHLKDYLIAFSRTELETCQAIQNTFQFLLENSSKVVRDYNLQLFLQENAVFHKPQPFQFQPCDSDTSRQLESETGTTEEHSLNKEARKWATRVAREHKNIVHQQRVLNELECHGVALSEQSRAELEQKIDEARESIRKAEIIKLKAEARLDLLKQIGVSVDTWLKSAMNQVMEELENERWARPPAVTSNGTLHSLNADAEREEGEEFEDNMDVFDDSSSSPSGTLRNYPLTCKVVYSYKASQPDELTIEEHEVLEVIEDGDMEDWVKARNKVGQVGYVPEKYLQFPTSNSLLSMLQSLAALDSRSHTSSNSTEAELVSGSLNGDASVCFVKALYDYEGQTDDELSFPEGAIIRILNKENQDDDGFWEGEFSGRIGVFPSVLVEELSASENGDTPWTREIQISPSPKPHTSLPPLPLYDQPPSSPYPSPDKRSSQFFPRSPSANENSLHAESPGFSQASRQTPDTSYGKLRPVRAAPPPPTQNHRRTTEKMEDVEITLV,0
MRTIVFLIVSILLLSSAVLMLAEGNAASHELQEYPIEESLEEQRKCVDGSCDPYSSDAPRCCGSQICQCIFFVPCYCKYRGK,1
MYRKILVPTMGEYMDELIEHTLDLLHGREAEVICLYVVDTSVPFLTPKKVKEMMVKELTERGKEILRDMEKGLTGPENPNVKFRGVMLEGNPADEIVKLAEEEDVDVIIMGTGKSLVDKHLLGSVSEKVVHYAPCTIHLVRTV,0
MAQHSKYSDAQLSAIVNDMIAVLEKHKAPVDLSLIALGNMASNLLTTSVPQTQCEALAQAFSNSLINAVKTR,0
MLDLYVNCDGKKLRCGYTTGSCAAAAAKAAAIALFYNKKLEEINIDTPKGIELAIPIEKIVEDENFVECAVIKDGGDDVDITHGIEIWARAEKKSSGYTLKGGKGVGVVCGEGLYVKKGEPAINPVPCSMIEKEVRSVMPKDSGVEITIFVPKGEEIAKKTFNPRLNIIGGISILGTTGIVMPMSEDALKVSIELEINQKTCHGEKELILLFGNMGEKMAKELNLKEDNMVIMSNYVGFALNCCMARKLEKVTIVGHIGKISKIASGCFNTHSRVCDTRLETLALELALMGYDKDLVTKIYNEKTTEGAVNLLGEGYEKLYKNLGEKIIRKIEQYTYDSIKADIVMYSMEKGILYSSIE,1
MRKSKRERQRLLQETIRENPFVTDEELAEKFSVSVQTIRLDRLELSIPELRERIKHVARQSFADKVRALPLEEVIGDIIDIEPDASAISIFDVKEEHVFRRTRIARGHHLFAQANSLAVAVIHDELALTAKATIRFVRQVKAGERVVAKAKVTGKTKSGRTVVDVNSYVGQELVFSGTFEMYRSNMEKKDGDSNEYRD,0
METTEPGQADGEERMMDLRPRTRSNPEGAEDRRSSTGSLNSSLPSAPQPAVGSRVEGEGEAASSDSPPVSATAIAATASVPVAAVGNTTTTNTASLPAMSPAVKERPKPSQPTMPTQIPPSAELHLRAPRVNCPEKVIICLDLSEEMSLQKLESINGSKTNALNISQKMIEMFVRTKHKIDKRHEFALVVVNDDAMWLSGFTSDPRELCSCLYDLETNVCESFNLEDLFNVILQKIELPQMENIQTIPPPFVVRTLLVFSRHAGMLQFNPSDAVKKMLQSPYFFFDVVFLHNGTEEQTEDTSWKDVYASFCELDTKGMCYRFEVSLCGPAIELHNCMAKLLCHPLQRPFQSHASYSLLEDEDTLENEATV,0
MKNWKKYAFASASVVALAAGLAACGNLTGNSKKAADSGDKPVIKMYQIGDKPDNLDELLANANKIIEEKVGAKLDIQYLGWGDYGKKMSVITSSGENYDIAFADNYIVNAQKGAYADLTELYKKEGKDLYKALDPAYIKGNTVNGKIYAVPVAANVASSQNFAFNGTLLAKYGIDISGVTSYETLEPVLKQIKEKAPDVVPFAIGKVFIPSDNFDYPVANGLPFVIDLEGDTTKVVNRYEVPRFKEHLKTLHKFYEAGYIPKDVATSDTSFDLQQDTWFVREETVGPADYGNSLLSRVANKDIQIKPITNFIKKNQTTQVANFVISNNSKNKEKSMEILNLLNTNPELLNGLVYGPEGKNWEKIEGKENRVRVLDGYKGNTHMGGWNTGNNWILYINENVTDQQIENSKKELAEAKESPALGFIFNTDNVKSEISAIANTMQQFDTAINTGTVDPDKAIPELMEKLKSEGAYEKVLNEMQKQYDEFLKNKK,0
MLEVIKAIEAEQVRSDLPEFNVGDTVKVHQKIKEGTRERVQVFEGTVLKRQNGGARETFTVRRVAYNVAVEKTFPVNSPLIEKIQVVRKGKVRRAKLYYLRDRVGKAAKVKERI,1
MKFPLLFISLALAAFLTRVQDADSSVISKEKSVRDGEEFPCAGTMADCRGLADNSVCCDTGKCIGEVCYY,1
MRYQTVFWILLIALCTVNPAKIQDVASYGGTVRLTDSGRAKCSRKTWPCETSEDCCDKNCSDTFWTCQLGYGCSRVCV,1
MLEPSRYQDPRTWKMTPAMIRARRPYIRGNLFGLVTLLGVAGGIYVYTYRALHKDDDFADVPIPPVSEEELRQLRQEYELHKKQRAAER,0
AVCVSLLGAANIPPHPFNLINFMKMIRYTIPCEKTWGEYVDYGCYCGVGGSGRPIDALDRCCYVHDNCYGDAEKKHKCNPKMQSYSYKLTKRTTSAMVPQVLVHVLSVIVTARQPSASAILNTSSGTRILTPRDIADDI,1
MFKEYKIYKFFEQVKQETYKVVWPTRKELVASTLVVVVAVFIFSLICLVLDYSIHNIMQLLLNIGK,0
MMSTKGITLFLCLLLLALATSVNGGQGTRRSRMTRALHGGRPSARYDAPYCSQEEVRECHDDCSGNPVRDACQCAYDPAGSPACDCYCVEPWRR,1
MDEPRPEAANVDSQQNSQCCLTRSEVYALVREVINKRKHHNLVTNVCDHVFDDGFEEQLKYIRANIDKALITVGGEHKHCKRLAAHIKKINKIFKLNKSLETEYKQSIDRYGSNRFNRNN,0
MNKNKESLHLSSPAINTHMNKRSQIWAAFRSAFPYTIPIFAGFLFLGIAYGIFMHSLGFSAIYPIIMSFMIFAGSMEFVAANFLLGAFNPMNALFLTLMVNARHLFYGISMLDKYRGTGKKKLYLIFGMCDESFSINYTANVPANVDKGWFMFFVTLLNHLYWVAGAAIGGIFGSYVKFNTEGLDFVMTALFIVIFIEQWMKEKKHYSALTGLGLSVASLILFGGNQFIIPAMLAILGVLTVLRKPLEKAEVSV,0
MSLLPVPYTEAASLSTGSTVTIKGRPLACFLNEPYLQVDFHTEMKEESDIVFHFQVCFGRRVVMNSREYGAWKQQVESKNMPFQDGQEFELSISVLPDKYQVMVNGQSSYTFDHRIKPEAVKMVQVWRDISLTKFNVSYLKR,1
MKITEGYMPYLEYKTYYRIVGECTGNKKPLVLLHGGPGSTHNYFEVLDKVAEDGRAVIMYDQLGCGLSATPSRPDLWNAKTWIEELIQLRKHLGLDEIHLLGQSWGGMQAIQYACEYKPEGIKSYILSSTLPAASLWEKEQRRRVAYLPQEMQDAIAKAEKAGDYSSKEYQEAEAEFMLRHCAGAVGPDSPECLRRPKVAGTEAYVTAWGQNEFSPSGTLKNFDFMKEIEDIKEPCLITSGLLDLCSPLVAKTMYDKIPNSEWELFEFSRHMPFVEENEKYIEVLNKWLNKND,1
MECVCVDSSWPQWLRNLILGILISSILFILTKTQDTVAVYHEPSVYSIDQTQKFQKIDIHNGGK,0
MIKATYSSAKDFYSLLSGLLKVTDEIILNFTEDSIFSRYLTDDKVLMVIFKIPKEYLEDYTIDKPLGIKININDLKKILGKAKSKSATVTLEETEAGLKVTVRDEKTGTRSNIYIKGEKTSIDQLTEPKVNLSVTFTTDGDVLKDIARDLSLVGEEVEISADENTVTLSTEEAGRTYKSLLKQDKPLKSLNVESPSKAVYSIEVLKDVFKVTSISQNVTVGFGNNIPMKIEVPTDSGGQLIFWIAPRL,0
GTNASMRKAFNYQEVSKTAGKNCANCAQFIPGASASAAGACKVIPGDSQIQPTGYCDAYIVKK,0
MFKSGFVTIVGRPNVGKSTLLNAIMKEKLSIVSCRPQTTRNNIQTILTEDNYQLVFVDTPGIHKPKHKLGEYMVKSASEAMKDVDLVLFLINPDEKPGRGDLFIIEQLKEVKVPVFLVLNKIDENPQEKVAETLKTYSELMEFEEIIPISALKGKNIDLLKELMFKYIPEGPQYYPEDMIIDQNERFIVAEIVREKALRLLSEEVPHGIAVEILQMKKNEKGTYHIEGNILCEKNSHKPIIIGKGGSKLKKISQYARQDIEAFLQSKVYIRLWVKVKEEWRDNQSLLKELGYKNMK,1
MNIATASLCAGLAVSGKFLSKYYQFLSTSQSDEVGFIEIMNMGMTGNDAVACASLGFVMYCVLSFARSYYRFRFSPLRNAPGFGPKSFVYGMFYEFLEAPFMEPPIEALKKLRKGGNDIPFLAYTTLFGSQRLLLLDCDLIKQVFTAPSGRDPMRYPKHYVYLREVVGDGLVVVEGSEWSRHRRIVQPAFQSAFLRDAITTTVPTLVENLVDVWKKTAGTSINLNAHLSIITLDVIGKVAFSHEFNASKLLNEWAECPDKELGEVDDPLISSIGAAFSSSPLKLMLTVLKQPWLEKHLSPAFRTSRNLLNKAADDIVQNAKNIDDPKRRSVLNLMMEAKDDESSKARNKLTDTELRDEVKTFLVAGHETTSTWAHWSLYVLATRPDIQEKVFADITKHSPDDKTILLEQADQMEYLWAFMNETLRLYSPLGLISRVTHKEENFKGYTIPAGTNLRIPIHLIHRHPDHWKDPEDFKPERWFDTEESSKRHKFAFIPFAAGGRNCIGQRFASMEAKIIVANVAKNFEIHLADSMKGKKITFSNFISLKCKPEIEIYVTPRG,1
MENDAGENVDLYVPRKCSASNRIIHAKDHASVQLSIVDVDPETGRQTDGSKTYAICGEIRRMGESDDCIVRLAKKDGIITKNF,0
MDSYEKEESVASTSGIQDLQTLSELVGPENAGEGELTIAEEPEENPRRPRRYTKREVKCVSYHAYKEIEDKHPQHIKLQDWIPTPEEMIAQKVQNQDLGTILSFDVTCLKSITSLGRNDPGDDPSIMSHVLPVVTPWPMSQDHYAPTLFGILDRYYQGYLKSPATYQTWKFTCQVDPSGKRFMETQFWVPPLGQVNIQFYKNYQILTCCQAVDPFANIFHGTDEEMFDIDSGPDVWCSPSLCFKVIYEGAMGQKQEQKTWLCRLGHGHRMGACDYRKVDLYAMRQGKENPYGDRGDAALQYAYQVKRGCKAGCLASPVLNYKALQFHRTIMADFTNPRIGEGHLAHGYQAAMEAYGPQRGSNEERVWWNVTRNQGKQGGEYYREGGEEPHYPNTPAPHRRTWDERHKVLKLSSFATPSDIQRWTTKALPYGWKVVTESGNDYTSRRKIRTLTEMTQDEIRKRWESGYCDPFIDSGSDSDGPF,0
MATEIGSPPRFFHMPRFQHQAPRQLFYKRPDFAQQQAMQQLTFDGKRMRKAVNRKTIDYNPSVIKYLENRIWQRDQRDMRAIQPDAGYYNDLVPPIGMLNNPMNAVTTKFVRTSTNKVKCPVFVVRWTPEGRRLVTGASSGEFTLWNGLTFNFETILQAHDSPVRAMTWSHNDMWMLTADHGGYVKYWQSNMNNVKMFQAHKEAIREASFSPTDNKFATCSDDGTVRIWDFLRCHEERILRGHGADVKCVDWHPTKGLVVSGSKDSQQPIKFWDPKTGQSLATLHAHKNTVMEVKLNLNGNWLLTASRDHLCKLFDIRNLKEELQVFRGHKKEATAVAWHPVHEGLFASGGSDGSLLFWHVGVEKEVGGMEMAHEGMIWSLAWHPLGHILCSGSNDHTSKFWTRNRPGDKMRDRYNLNLLPGMSEDGVEYDDLEPNSLAVIPGMGIPEQLKLAMEQEQMGKDESNEIEMTIPGLDWGMEEVMQKDQKKVPQKKVPYAKPIPAQFQQAWMQNKVPIPAPNEVLNDRKEDIKLEEKKKTQAEIEQEMATLQYTNPQLLEQLKIERLAQKQVEQIQPPPSSGTPLLGPQPFPGQGPMSQIPQGFQQPHPSQQMPMNMAQMGPPGPQGQFRPPGPQGQMGPQGPPLHQGGGGPQGFMGPQGPQGPPQGLPRPQDMHGPQGMQRHPGPHGPLGPQGPPGPQGSSGPQGHMGPQGPPGPQGHIGPQGPPGPQGHLGPQGPPGTQGMQGPPGPRGMQGPPHPHGIQGGPGSQGIQGPVSQGPLMGLNPRGMQGPPGPRENQGPAPQGMIMGHPPQEMRGPHPPGGLLGHGPQEMRGPQEIRGMQGPPPQGSMLGPPQELRGPPGSQSQQGPPQGSLGPPPQGGMQGPPGPQGQQNPARGPHPSQGPIPFQQQKTPLLGDGPRAPFNQEGQSTGPPPLIPGLGQQGAQGRIPPLNPGQGPGPNKGDSRGPPNHHMGPMSERRHEQSGGPEHGPERGPFRGGQDCRGPPDRRGPHPDFPDDFSRPDDFHPDKRFGHRLREFEGRGGPLPQEEKWRRGGPGPPFPPDHREFSEGDGRGAARGPPGAWEGRRPGDERFPRDPEDPRFRGRREESFRRGAPPRHEGRAPPRGRDGFPGPEDFGPEENFDASEEAARGRDLRGRGRGTPRGGRKGLLPTPDEFPRFEGGRKPDSWDGNREPGPGHEHFRDTPRPDHPPHDGHSPASRERSSSLQGMDMASLPPRKRPWHDGPGTSEHREMEAPGGPSEDRGGKGRGGPGPAQRVPKSGRSSSLDGEHHDGYHRDEPFGGPPGSGTPSRGGRSGSNWGRGSNMNSGPPRRGASRGGGRGR,0
MKLTFVLIVAVLVLAVCNFTVADKANNAEAPEQEKRACTPNGSYCNILSGKLNCCSGWCLALICAG,1
MLRLILAVALVAACLAFPAAKDGPSPGFQKAFQNFNPNAAAGFGGNGMMGGAGMNPNMFNGAQGFQGFLPQPHQKRDSYQHGGYQHQQSFDNFQGSGGMNNDNSDDSFALRNFNNDGY,1
MNKLLKLFFITIIIYNNIAFAKETGFYMGAAIGIVEPVVRKFRHKYSNTGIIFQICIAGK,0
MQEIIGASLVFLCNEKCEVLEDYGVVFDEKIVEIGDYQSLTLKYPHLKAQFFENSVLLPAFINAHTHFEFSNNKASFDYGSFSGWLGSVLNNGGAILENCQGAIQNAISTQLKSGVGSVGAISNHLIEVNLLKESPLNAVVFLEFLGSSYSLEKLKAFEAKFKELKDLEDKKLKAALAVHAPYSVQKDMALSVIQLAKDSQSLLSTHFLESLEELEWVENSKGWFENFYQHFLKESHFKSLYKGANDYIDMFKDTHTLFVHNQFASLEALKRIKSQVKNAFLITCPFSNRLLSGQALDLERTKEAGLSVSVATDGLSSNISLSLLDELRAFLLTHNMPLLELAKIALLGATRHGAKALALNNGEIEANKRADLSVFGFNEKFTKEQAILQFLLHAKEVECLFLGGKRVI,0
MWLKTQLFVLAIAVIALLEVHAEPESNDNNELVVEEARGCADAYKSCNHPRTCCDGYNGYKRACICSGSNCKCKKSLREMAAAAFGR,1
MFAPPSSLFVPATAPAPSTSGFTIPANLRRDAYVCPFATAEKERKEREQQQPASKGLNHDLAAQEPLHPSLVSRFPSNYRGSFLR,0
MPWAVGRRWAWITLFLTIVAVLIQAVWLWLGTQSFVFQREEIAQLARQYAGLDHELAFSRLIVELRRLHPGHVLPDEELQWVFVNAGGWMGAMCLLHASLSEYVLLFGTALGSHGHSGRYWAEISDTIISGTFHQWREGTTKSEVYYPGETVVHGPGEATAVEWGPNTWMVEYGRGVIPSTLAFALSDTIFSTQDFLTLFYTLRAYARGLRLELTTYLFGQDP,0
MTPLFPESVSTYIYEYSTIWRSGALLIKMMQRVITSCVTGPCKNCYVFLVLGIASWRYIFSYQDGILQSENSKWCSKEKKKKCSAIYPHYNHRDSLGNGAVPRNLLSTYHPMLM,0
MHNTTKRVTVPALEAMLYETIKVLDHGFIRVIDYMGDDSSIVQAARVSYGKGTKQLNQDKGLINYLLRHYHTTPFEMCDIKFHIKLPIFIARQWIRHRTASVNEYSARYSILGNEFYLPEPTDIASQSAINKQCRAGDSLPKKVSEKVLAILEEDARRCYMHYKELMNADEDGNIIDENVAGIARELARMNLTLNYYTEWYWKINLHNLLHFLRLRTDSKAQYEIRVYAGKILDIVKAWVPFTYEAFEEYRLQGANISRKGLEVIKRMIQGEKVIHETSGMNKREWEELVKIFR,0
MRSPSAAWLLGAAILLAASLSCSGTIQGTNRSSKGRSLIGKVDGTSHVTGKGVTVETVFSVDEFSASVLTGKLTTVFLPIVYTIVFVVGLPSNGMALWVFLFRTKKKHPAVIYMANLALADLLSVIWFPLKIAYHIHGNNWIYGEALCNVLIGFFYGNMYCSILFMTCLSVQRYWVIVNPMGHSRKKANIAIGISLAIWLLILLVTIPLYVVKQTIFIPALNITTCHDVLPEQLLVGDMFNYFLSLAIGVFLFPAFLTASAYVLMIRMLRSSAMDENSEKKRKRAIKLIVTVLAMYLICFTPSNLLLVVHYFLIKSQGQSHVYALYIVALCLSTLNSCIDPFVYYFVSHDFRDHAKNALLCRSVRTVKQMQVSLTSKKHSRKSSSYSSSSTTVKTSY,1
MHEVALSVLILLAGLSALDANDPEDKNSPFYYDWHSLRVGGLICAGTPCALGIIILLSGKCKCKFSQKPSHRPGDAPPLITPGSAHDC,0
MERMDIIIWLLAVVIVLTTLMIFLHLKTLKIIRLLFPVSKELSKKSCVFPWKKKWTKNYPPSSMYP,0
MSTNKINKKSIARIAAVQALYQNILQNNYDMYDIMQNILACYHSNSIDLPKNFKISLSISHFKMLVKSVFENINKLDEIIDNHLTNDKDPVHMPILLRALLRVSICELLFCSTTPAKVVINEYTDIANDLLNEHEIGFVNSILDKIAQENNKIS,0
MNPLLAPPYSGTLPFNSMDLSLQSARSAAQPLAKQPPNQQPHQTQQQQQSLIHAPNYPSIQNLTTNATPTSTQLQQQQQQEHLAAMAAAHVSLLQSSRQNQGAPSGNLSNGGDCESLLPPPPPTSVSGNTNHTGSNSSSNSGSNNHIASPHYMQSRDENFKLTQLKRSFEPDLSGKNPQKEKDFGYPSASSASKLPTHNVQQQHANKKPSPLRNYHQQQQPPYNLTPKYNGPQTPPTPQSPLAANPHQMLSPTMDYNQLHLHHQLNSSSGGSYQHMQQDQTQSQSHPQHLHYHNQHATSQTAPPPLLPPLLTSGQFHAQPQDASQQQTASSSQHQTHHSRTAQLTNLDQAVKHKPESEEQPVITDLSYRNSETDKTAANPVPEAPESPYLTTSNEESLESNSNSSNSRKRRKRKASMVMRVTPNENAPEGENSKPQHPQQAANLNNSCSPKKSPKNGGGEFQPFSTQKQSQTENEKTTQENGRGGSPAPAENNSNSNSSTLYNDNENPKTKKQRQALLQRNLTEQHRMQQDDEPPKNHTSPAMPPPSPQSNSSSSSSSSSSANTHSSQSSHAVNNIPKPEINNKATTDTPASPALVEQGDIDAKPAVSVHECDEEEEPAVNKVSPAHPDPPTTAAVAAPPATESPKKSSPAANSESCPFGEVEDKLEQMFAGIEEETERISSPEKPAEESAAMVAHNLTAQLALDPSKTLDTPAENQTSVLAVLAPNQTPTPEIRPVATKAAMKSTMPSPVHSPIPQSRSTSTPLVAGDDSKSNTPVPAKAPAPRRPPPRRLSMGMDASLLRFMIDDPPAKKPGRKKKVTKEPDFEDDDKPSTSAAAAAALAARQLSEAASATKSKPAAGAKKKNAGVKGKKGSAGKGNAKNAKQNGKKSARKPAFTTDEDSTPAPTNGGGSVPELRFKSPFILIKPDGSVSIKNTHSAEDVNEKQTKVKKAPHERKNLRGMHSSTLSNRYDADTTDSTWICVFCKRGPHKLGLGDLFGPYLVTSDCDEYRAAVQTPGAQDIDGMFVNKRRREDMVKGQERNLPAVPATLANIMQAPKISMHKRKRKQTHDSSISYSDDPNESRSQCSSVDLLDCSTESKFVETFRGMGKTSENGFEVWLHEDCAVWSNDIHLIGAHVNGLDAAVWDSTRYQCVLCQQTGASICCFQRCCKAAAHVPCGRSANWSLSEEDRKVYCHLHRHEPGVVEPIKTESIAPVEVSVATPPAPAPPPAFNIHSLP,0
MKLTILLLVAALLVLTQARTERRRVKSRKTSSTYDDEMATFCWSYWNEFQYSYPYTYVQPCLTLGKACTTNSDCCSKYCNTKMCKINWEG,1
MKRPVLIGITGGTGSGKSTVAKEIYNKFDEACIAMIEQDSYYKDQSSIPFEERCKKNYDHPDAFDNELLINHLKNLVDLNVIEKPIYDFEAHNRKEETIKVEPRDIIIVEGILVLQDPKVRELLDIKIYVDTDADVRIIRRLLRDINERGRTVDSVINQYLTVVRPMHMQFIEPSKRYADIIIPEGGHNRVAVDMMVANIKHLLQK,1
MAKIIGIDLGTTNSCVSVMEGGEPVVIPNAEGSRTTPSVVSFQANGERLIGQVAKRQAITNPEKTIISIKRYMGTDHKVNIDSTEYTPQQISAMVLQKLKADAEAYLGEKVTQAVITVPAYFNDSQRQATKDAGKIAGLEVLRIINEPTAASLAYGLDKMDTNEKILVYDLGGGTFDVSILELGDGVFEVKATNGDTKLGGDDFDQKLIDYIAETFKAENGIDLRNDKMAIQRLKEAAEKAKIELSSATQTNINLPFITADATGPKHIDMNLTRAKFNELTHDLVQRTLEPIKKSLEGSGYAMSDIDKIIMVGGSTRIPAVQDAVKDFTGKELSKGVNPDEVVAMGAAIQAGVLTGEVKDVLLLDVTPLTLGIETFGGVSTTLIEKNTTIPTRKSQVFSTAADGQTSVEIHVVQGERSMAADNKTLGRFTLSGIAPAPRGIPQIEVTFDIDANGIVNVSAKDKGTGKEANITITASTNLTDDEIEKAVNEAKKFEAEDKKRKESIEIKNNADQIVYQTEKTLTDLGDKVSAEDKAQIEEKVKAVKDVKDGEDLEAIKKATEDLTQTFYGISSKIYQQANPEGAQGAGFDPNNMGGANAGNASAGNDKKDDNVVDADFKVEDDK,1
MGLKAKHKENLCSDSERSKRLYVWIALAIVLSDFTSIFSHWIWGLLILYLQTLMDLPTFVMNV,0
MQLMLFNLFSPALKLNTGLAILSPGAFEVHSDGIDVDNELFHYPIKKAYTPYNIHTYKTEEVVNQMNIKVKNMTLDEINNTYCNNDYYNQAIREEPIDLLDRSFSSSSWPF,0
MNKSRIDKQNEVYNFIKLQIKEKGYPPSVREICKAVGLSSTSSVHFHLKRLEKEGLIKRDSSKTRAIEIVDPTSKKEVINVPIVGTITAGNPILAIENIEDVFPLPIDYVKNTKDLFMLKVSGESMIEAGILNGDLAIIEKTDSANNGDIVVALIDNEATLKRFFKESSYIRLQPENKSMKPIILENCKVLGRLVGIYRKY,1
MSTFILGATGLVGSQIVKVAESSPAIKSITTLTRRTPDFANSSSKLKTLEESDSSKWSEIIKSQAVSSDVYLSAFGTTRAKAGSAENFKKIDYGINYSSAKAAKENGSKVCVLVSSMGANASSPFLYMKTKGELEDDIIKLGFDHTVILRPGALLGERKESHGLGNSIAQTIGNWTKGTWLQGLLKPIDASDVGKVAIDFAQKGINGELKDKVIIVGGDDLVKLANSLN,0
MLVVAVRFSIIWDILFMSDSKLATKRKLKQEEAKGQYYRFNHPSDHRHWVKVMPGGVYATSDQEIIHTGLGSCVSACAWDIEMKVGGMNHFLLPFNNQFESQHWHPQALLSDSSRYGCYAMEVLINRLLSMGAERERLKFKLFGGAHLMGYQSLVGEKNVEFVLEYAKREKLNVVAQDLGGAQPRKLLFDPQTGQAWVKRIGFSSAHAIKQDEELYQHSIDKQIPSDDVELFQ,0
MSSINYPFVTEKAMMLLDENKLQFIVDTRSNKKQIVEDVEKLYGFKVKAVRTMTTMKGTKKAVLAFEEPEAAHEIATRIGLM,0
MTAAETRILELRAELDQHNYRYHVLDEPSIPDAEYDRLFRELKALEAEHPELVTSDSPTQRVGSAALSAFTQVRHEIPMLSLGNAFEEVDMREFDRRVNEGLDLPAGDLFGGGAAVEYSCEPKLDGLAVSLLYQDGVLVRGATRGDGTTGEDISVNVRTVRNIPLKLQGSGWPATLEVRGEVFMSKAGFERLNAAQLEAGGKTFANPRNAAAGSLRQLDSKITASRPLEFCCYGLGQVSADIADTHIGNLERLKQWGMPISRELRLAKGIDECLDYYREIGERRNALPYEIDGVVFKVNSIASQRELGFRAREPRWAIAHKFPAMEELTELLDVEFQVGRTGAVTPVARLQPVKVAGVTVSNATLHNMDEVARLGLMIGDTVIIRRAGDVIPQVVQVVTERRPENARPVQIPESCPVCGSHVERTQLVKRSKGRETVSEGAVYRCVGRLACGAQLKQAIIHFVSRRAMDIEGLGDKTIEQLVDENLIASPADLYRLKYEQIIDLEGFAEVSSNKLLKAIEDSKRPALARFIYALGIPDVGEETAKVLARSLGSLERVQQALPQVLTYLPDVGLEVAHEIHSFFEDSHNQEVIGSLLAADQCGLVLQDQGELGAEFAASTTLGGMLDKLNIPSVGPGAAQKLADKFGSLQGVIEADWLDMRQALPEKQAKAVREFFDNPANAQLAQAIEQQLQAFGMHWQSEKKVVAGLPLAGQTWVLTGSLELMSRDVAKDKLESLGAKVAGSVSAKTHCVVAGPGAGSKLAKANELGLKVLDEEAFVAFLTEHGVPT,0
MKVLNNLLYTGDHEWVRVEDNKAYIGISDCAQRMLSDIVFVELPEVDDEIAKGETFATIESVKAASDSYMPVSGTIVEINEELEDNPAALNEDPYGSWIAAIEMSDKSELEELIKPEVYEKICEELDKEA,1
MSDAPRGEDAVLVAVQAALAGRPGVLTGARALSHFGEHSAGWVALAAAGALAQPAKRRSWLAVGAGAFLAHAAAVVIKRVVRRERPSHPDIAVNVGTPSRLSFPSAHATSTTAAAVLLAQTTGVPAPALLVPPMALSRLVLGVHYPTDVVTGVVVGALVGKAVGKAAGRISNSVGAEGDR,0
MKPSHSDTPLMMPSVMKCGYLATAGLIGICTHLSYFRYGEHHLYPWRYVRFHLCLTMGVAALLYAKKPPQYTLCSMDLVKDVSLLMATYLVGLFASLLLYRTLFHPLRQIRGPWAAKISSFWLSFRLRRGPSFRILHELHEEYGPVVRVGPSEVSIIHPEAVRMIYGPNSRCSKNTFYDNGHPMMSLHSYRDRIAHDQRRRVWSAGFGDRALRGYEQRMRVYRQKLFQRLEARAVAESAINISQWFNFYSYDTMGDLAFARSFDMLDASRNHWAVDMLMHGMIGYRYLFPSWFFRLLATMPSLSSDWHKFIGFATDTMLRRVGEQVDVPDIFASLLAPLNGREPTEDERNMLMGDAMLIITAGSDTTATSLTSIVYELARHLDEVDKLRAELDPIEADSDGEYQHDTLAKLPHLNGFINETLRLHPPIPGVIPRKTPPEGIHVKDVFIPGNMTVFSPQWSMGRSEAAYIDPEIFNPERWYKHMDLVKDPSAFAPFSIGPYSCIGKPLALMNIRTTVARLIMSFDVRFPEGEDGIRWMDAADEHFAMGIHQMPVVLTRRH,0
MKVAVIILSILVLAAASESIEEYREDFSRPNAMERSANDWIPTAPSAVERSADFAVEELERATCAGQDKPCKETCDCCGERGECVCALSYEGKYRCICRQGYVWIAWYKLASCKK,1
MAIDVKAIEEHIRGILIALGDNPEREGLKNTPKRVAKMYEEVFKGMCYSNDEIAEMFNVTFEDDLCINDNENDMVFMKEIEIFSHCEHHLALMYNMKVAIAYIPKKKIIGLSKIARIADMVGRRLQLQERIGSDIAEILQKITDSEDVAVIIEGEHGCMTTRGIKKPGTKTITTTLRGKFNTDPIVSNKLMMLYTK,1
MKLCMTLLITAIAVVTFVVATQEESAEFNEVEESREDNCIAEDYGKCTWGGTKCCRGRPCRCSMIGTNCECTPRLIMEGLSFA,1
MSNMPVLIITLLLFSMYISTAAQKPTEIKCRYPADCHIMCRKVTGRAEGKCMNGKCTCYY,1
MSQPPPPPPPLPPPPPPPEAPQTPSSLASAAASGGLLKRRDRRILSGSCPDPKCQARLFFPASGSVSIECTECGQRHEQQQLLGVEEVTDPDVVLHNLLRNALLGVTGAPKKNTELVKVMGLSNYHCKLLSPILARYGMDKQTGRAKLLRDMNQGELFDCALLGDRAFLIEPEHVNTVGYGKDRSGSLLYLHDTLEDIKRANKSQECLIPVHVDGDGHCLVHAVSRALVGRELFWHALRENLKQHFQQHLARYQALFHDFIDAAEWEDIINECDPLFVPPEGVPLGLRNIHIFGLANVLHRPIILLDSLSGMRSSGDYSATFLPGLIPAEKCTGKDGHLNKPICIAWSSSGRNHYIPLVGIKGAALPKLPMNLLPKAWGVPQDLIKKYIKLEEDGGCVIGGDRSLQDKYLLRLVAAMEEVFMDKHGIHPSLVADVHQYFYRRTGVIGVQPEEVTAAAKKAVMDNRLHKCLLCGALSELHVPPEWLAPGGKLYNLAKSTHGQLRTDKNYSFPLNNLVCSYDSVKDVLVPDYGMSNLTACNWCHGTSVRKVRGDGSIVYLDGDRTNSRSTGGKCGCGFKHFWDGKEYDNLPEAFPITLEWGGRVVRETVYWFQYESDSSLNSNVYDVAMKLVTKHFPGEFGSEILVQKVVHTILHQTAKKNPDDYTPVNIDGAHAQRVGDVQGQESESQLPTKIILTGQKTKTLHKEELNMSKTERTIQQNITEQASVMQKRKTEKLKQEQKGQPRTVSPSTIRDGPSSAPATPTKAPYSPTTSKEKKIRITTNDGRQSMVTLKSSTTFFELQESIAREFNIPPYLQCIRYGFPPKELMPPQAGMEKEPVPLQHGDRITIEILKSKAEGGQSAAAHSAHTVKQEDIAVTGKLSSKELQEQAEKEMYSLCLLATLMGEDVWSYAKGLPHMFQQGGVFYSIMKKTMGMADGKHCTFPHLPGKTFVYNASEDRLELCVDAAGHFPIGPDVEDLVKEAVSQVRAEATTRSRESSPSHGLLKLGSGGVVKKKSEQLHNVTAFQGKGHSLGTASGNPHLDPRARETSVVRKHNTGTDFSNSSTKTEPSVFTASSSNSELIRIAPGVVTMRDGRQLDPDLVEAQRKKLQEMVSSIQASMDRHLRDQSTEQSPSDLPQRKTEVVSSSAKSGSLQTGLPESFPLTGGTENLNTETTDGCVADALGAAFATRSKAQRGNSVEELEEMDSQDAEMTNTTEPMDHS,1
MAKVKITLVKSLIGRKKDQIATVNALGLKKIGNIVEHEETPQISGMIKKVSYLLKVEEA,1
MSQNSITSYKMGFAKHFFLFAVLLCATAMYSVAEPAQERLIESIACMQKGLPCMEHVDCCHGVCDSLFCLY,1
MKLNTKYHGCIEYEEKDVIYFQKGIPGFEELNKFIIFPVEDNEVFLVFHSIENEDIGIIVTSPFNIENNYEIQLEEEQITNLKLQDEKDALVLNTVTLDSDIDKITVNLRAPIIINIKEKIGEQIIINSDKYKVKHSLFKEEA,1
MRALRDPICAIATPLGKGAIGVVRLSGEGALEIAARVWRGKDPRRLKGGRFTLGEVVDPKTGEAIDQALLLVFRAPRSYTGEDLVEFQTHGSLAVLRRVMEVLVAEGARPAGRGEFTFRAYMNGKLDLAQAEAVLALIEAEGELARRQALRALEGALSRRIEALENRLLDLLAHIQALLDYPEEGVEPLEAERTLREVLAEVEALLAQAKASRLAQKGARLALIGAPNAGKSSLLNALLGYERALVSPIPGTTRDYLEAPLELFGIPLVAVDTAGVRETEDPVERMGVERALRIAEEADLVLYVVDRSQPKPAPPPLPWARTLKVATKSDLPPAWEDPEFLPVSSLTGEGLGRLKEALREALLGREGGEVLLTERQVEALLRARERLEEALALPEDLMGLALEEAARALALLTGKEVAEEVVARVFQNFCVGK,0
MLADMKVRRYIRLLFSYLLLAFMAVIIVYPLLWTAGASFNPGNSLISTSIIPKHPTFDHYKELFAGKESLQYVQWYVNSMKISLFTMAGSLLCVTFTAYAFSRFRFKGRKYALTLFLLLQMIPQFSALIALFVLAQILGMINSHWLLILLYIGGLIPMNTYLMKGYMDSIPMDLDESAKIDGASSTRIFFQIILPLSKPMAAVVAMNGFTGPLGDFVLSSTILRTPESYTLPVGLFNLVNDVMGASYTTFAAGALLISIPVAVIFIMLQKNFVSGLTAGGTKG,0
MNSLLMITACFFLIGTVWAKEGYLVNKSTGCKYGCLLLGKNEGCDKECKAKNQGGSYGYCYAFGCWCEGLPESTPTYPLPNKSCSKK,1
MKILVLAVVCTVLLQVALSADSEEVRDCIPTRHECTNNQQNCCEGHDCKCDYTEIGGAKKEICYCKKTLWQKTKDKLSTAGDILKS,1
MAEFDKEAYAERERSAASRKTLLKKQELVNSYKERLQKSNGFVIFFNFQGIDAYPLTLLRLDIKDLKGEIVVGKNTLFYRAFSDTVLSDHRDIFVGPTAALFAYEDPVAVTKKLVEFLKETFDKEWEGRIKGGLLDYKYITPEQVKELAELPSKEELIAKLLGVLMAPVTQLAMTLKAVPQKLVLVLKAIEEEKSKGGQ,0
MSDDYDPTNINAASWEEQEDYGEADGSEQYGEAEGSEQQDIQHSSEHQEAEYSVESNPNDLGDHPSQDGNTDDVGDDYDPASVVTSSVPAPPSAPAQEDSKTAPQPAAPVAKKPRTAGGFLVGDSDDEDEDGDDDGEPQQQQQQQQQQQPHQVVHKETGSGASSSGGSAPAPASASATAAPQSHSPAPQTATLTVQDNAGATTFNAPPVPQQVSHQSGATTAAVPTTPSSAAPAVDPTPVTQPAPDRVAIYEDQIRDDPRGAMNAWLELMKEKRARNDIDGARQVYERFLAIFPQAADIWVEYLDLELSLNNFPQAEGIFAKCLMTTPNVNLWTRYLDYIRRRNDLNDSTGQARQTVSQAYEFVIDNIGLDKDSGKIWAEYIQFIKFGPGTVGGSQWQDQQKMDQLRKAYQRAICVPISNVNTLWKEYDQFEMGLNKLTGRKYLSEKSPSYMSAKSANTALEHITRGLNRTNLPRLPPAPGFDGDQEFMEQVEIWKKWIAWEKSDPLDLKDDKDQPGLYQKRILYVYNQALMALRFWPEMWVDAAQWCFDNNITTVENKVTKDGNANGVEFLIRGIEANPESVLLAFKHADHIESTYPIEENDEAKIQRGEAVKAPYNKVLDTLYAMIKSLKEKEAAQIAKLQEMTAAQESKAGSDNEDGDGAADNIKKAPIEAIQKGYAAQTQLLSRMISFVWIALIRAMRRVQGKGGLNVPLGGMRKAFHDARARGRLTSDVYAAVAQLEWTIYKDPAGGKIFDRGAKLFPEDENFTLENIKYLHSRDDHTNARVLFETVVNRLTQKPELVHKAKPLYQYFHKYESQFGELAQVTKLEKRMAELFPEDPKLAAFTARYASDKFDPITARIIVSPTTQLRPKNMIMPSIEQQQPQLPMSQRDTPAAGFSPRPQGLKSPSAGPGAPFAPYAAKRPLDDRDYDDHPRKIARSEHDPFVRGASPLKGAAGRRLDQQRRMGGAAGAYSGSGAGSQVAPIARDITFLLSQIPRVEFYDSHRLNPSRMVSLLQNVKVPEYLDWKRERERMQQMQQMQGDGYGGYGGGGGGGGGGGYQGGGHARNISQDYAYRESPGPLGGRPLSPFTGGPGSRLASATAAYRQAPVGRPESSGSYEPPPAAQYGVPPPAQYDGGWAQQQQQQQYGQPPAPQGYRYGNPPPPY,0
MEKKKESFENMLEKLETIVDSMDNGEITLEDSMKSYEEGIKLCNKLYKVLKDAEGKIKILENNKEEDFENS,1
MSRSSKVVLGLSVLLTAATVAGVHVKQQWDQQRLRDGVIRDIERQIRKKENIRLLGEQIILTEQLEAEREKMLLAKGSQKS,0
MMSKLGVLLCIFLVLFPMATLQLDGDQTADRHADQRGQDLTEQQRNSKRVLKKRDWEYHAHPKPNSFWTLV,1
FVCVQARQIDPEQILRTPEKRASCSSRGGICRSTSIGCPRRYHSCHLFHHCRSHGDSCCCPNYG,1
MWVLGIAATFCGLFWLPGLALQIQCYQCEEFQLNNDCSSPEFIVNCTVNVQDMCQKEVMEQSAGIMYRKSCASSAACLIASAGYQSFCSPGKLNSVCISCCNTPLCNGPRPKKRGSSASAIRPGLLTTLLFFHLALCLAHC,1
MKVFSFTVVVVMILSLSAFVLAGDEGDVMKKIVAMEEAVEERACLAEYQKCEGSTVPCCPGLSCSAGRFRKTKLCTK,1
MRSQHVLILLLGLVCASQVLGKHLTKVKAKALHYDKRGDCDWPTGVCFYIHDPCPPGLRRCPQHDDGCYLPTNHCCCYP,1
MHESLRNWKLSPRYFGIAGDVIAEGTGLGKALNIPGKYILKPFPLLRLLSVTLFISSLVLLANPTGTLNIFSYSYVVMVVLFICAKSLFNYSLQFIGEETSSL,0
MDHHQLFSLCSFSYIFKIKKHLFVSLFLLSLLIFSTVVVDVMPSLRIGLLSSSSSQTVTKECDYSKGKWVRRASSSSSSVNGLFYGEECRFLDSGFRCHKHGRKDSGYLDWRWQPHGCDLPRFNASDLLERSRNGRIVFVGDSIGRNQWESLMCMLSQAIPNKSEIYEVNGNPITKHKGFLSMRFPRENLTVEYHRSPFLVVIGRPPDKSPKEIKTTVRVDEFNWQSKRWVGSDVLVFNSGHWWNEDKTVLTGCYFEEGRKVNKTMGVMEAFGKSLKTWKSWVLEKLDPDKSYVFFRSYSPVHYRNGTWNTGGLCDAEIEPETDKRKLEPDASHNEYIYKVIEEMRYRHSKVKFLNITYLTEFRKDGHISRYREQGTSVDVPQDCSHWCLPGVPDTWNEILYAQLLSMNYRTK,0
MKITKNILKAEFIKRPNRFQAYVKINEKIEMVHVPNTGRCKEILIPGSMVILREENNENRKTRYDLIAGYKGDMLINIDSQIPNKVVHEALMNLKIDILKEYTNIKREKTFGKSRFDFKLEKENGEIYYLEVKGVTLENDGLTMFPDAPTERGTKHILELIDVKNKGMGAGVLFLIQLNGVKKFTPHHKMDKNFGEALRLAKEKGVDILAYDCLVEESSISLNNPISIEI,1
MSRLSKEEISERLLELIKDETKPAIGCTEPVAVAFTVATGKKYMAGEVLKIDLKVSKNILKNGKSVTIPNTEVCGLDIAGALGEICGDPEEGLFVFRNVNNEYLDKAKEMIKNKVVTLNPIENTDPVFVEATLKGEQDEVIAILKGGHTNIEKVIVNGKIAFEKDNKNKKDNKDCDFIKELSLKDIRQITEDISIEKLDFIMDGIEMNKEAAKEGLKRQKGLTLGSSLLKLQEEGKIGKDSATIARILTAAGSDLRMGGGMCPIMTSGGSGNQGLCVILPINVVAEDIKAPKERLQRAVFFGHAVNNFVKKYTGKLSAICGCAIAAGIGATAGIAWLLGGKDKEIEGAILNMLANLTGMVCDGAKGSCAIKLSTSASEAVISAYLALNDIIVPNNTGIIGNTVEDTINNLGMLCKDGFYKADDVMLSIACKEVI,1
MEKSNGLRVILFPLPLQGCINPMIQLAKILHSRGFSITVIHTCFNAPKASSHPLFTFLEIPDGLSETEKRTNNTKLLLTLLNRNCESPFRECLSKLLQSADSETGEEKQRISCLIADSGWMFTQPIAQSLKLPILVLSVFTVSFFRCQFVLPKLRREVYLPLQDSEQEDLVQEFPPLRKKDIVRILDVETDILDPFLDKVLQMTKASSGLIFMSCEELDHDSVSQAREDFKIPIFGIGPSHSHFPATSSSLSTPDETCIPWLDKQEDKSVIYVSYGSIVTISESDLIEIAWGLRNSDQPFLLVVRVGSVRGREWIETIPEEIMEKLNEKGKIVKWAPQQDVLKHRAIGGFLTHNGWSSTVESVCEAVPMICLPFRWDQMLNARFVSDVWMVGINLEDRVERNEIEGAIRRLLVEPEGEAIRERIEHLKEKVGRSFQQNGSAYQSLQNLIDYISSF,0
MRIIVVDNYEEMSKKAAAMVASQVILKPDSVLGLATGDTPIGMYKEIINIYKNQKMDFSKARTFNLDEYYGLNRENPQSYYYYMMNNLFNHVNIDKNNINIPNGMADNIEIECKEYERKIDKAGGIDLQILGIGVNGHIGFNEPNISFESETHLVNLNEKTIESNSRFFSSKEEVPTKAISVGIKSIIHSKKIILLACGSAKSDAVSKTINGKINPNIPASILQLHRDVVVIIDKEAASKLNLK,1
MKNKPDDRRDNVDKIQYNITKTIQNCELADEMIAKTDDEKTKKTLIEKNERRREALDGMREEIKDEARDKKNGYM,1
MITMKMFLFLNEACIFIDSVCEGIVFWGLCLFVCAECENASYRGAEVPYKTLFRSCDTSIFGVAECLNLVAIDPRSEAYC,0
MTINDSAISEQGMCEEEQVARIAWFYYHDGLTQSEISDRLGLTRLKVSRLLEKGHQSGIIRVQINSRFEGCLEYETQLRRQFSLQHVRVIPGLADADVGGRLGIGAAHMLMSLLQPQQMLAIGFGEATMNTLQRLSGFISSQQIRLVTLSGGVGSYMTGIGQLNAACSVNIIPAPLRASSADIARTLKNENCVKDVLLAAQAADVAIVGIGAVSQQDDATIIRSGYISQGEQLMIGRKGAVGDILGYFFDAKGDVVTDIKIHNELIGLPLSSLKTIPVRVGVAGGENKAEAIAAAMKGGYINALVTDQDTAAAILRS,0
MKPSIFYSSRQPYLKYLAIILTTITIYVLTHSSYSADPNINDVTTKPISETVPQPPPQSPSSPEQQQQQPANQDQIVKVPEELKNKPQDLVVDNNKDQKPAVSGVPKSSSSSPQQQEKQDTKKESENSSSSKDPVKPEKVKATFVTLARNSELYDLIKSIRNVEDRFNRKFNYDWVFLNDDDFTQEFKDLTTALVSGKTKYGKIPKEHWSYPDWIDLKRAEETRKNMKLQKIIYGDSESYRHMCRFESGFFWRHPLLDDYDWYWRVEPSIDIHCDLNYDLFKYMEDNNKVYGFTISIHEFRATIPTLWDTTKKFIKENPQYLAENNFMDFISDDKGETYNLCHFWSNFEIANLNFWRGEAYRKYFDYLDQTGGFFYERWGDAPIHSIAAALFLPKDKIHYFDDVGYKHSVYTQCPLNPQFRYEHKCHCNPDNDFTFRGYSCGKKYFEKMGLQKPKEWEKYQ,0
MAPLSCNPPEWEDDERMSFLFSAFKRTRDVNTCDWDGKMKFWIPLILTHARAQGLLSITLSQLENDFRRKGCAPMGLRTVIQEMIRQGTLRKETDFVSGVSSGWLSWGMRQLVIRPLRWTIGTMLGSQVGPDEPLVIPEVIKERAALVLQRYQSSTFRSFPLLCEEEVHTLCAEICPNPSALNLVLLQLQGDKKICVLERAGQKLVKFVRVSVGQVEPISESDLGIYQLQQGEKLLSERLQSAGEESNRLTEEARTYNRAGNKNQALRCLRKRKLVERRITELQNKQDNIQGILERISAAETDRKVVSAYQMGVSALKQALKDVTLEKAESIVDQIQEYCDLQDDLSQTLSSVTDADVDSDDLERELNEILQNEEMIIDLPDVPSGPVIISPKRPTEWKMDQAAHSPADGSFLRSVPEPMLQ,0
ADNHARVAGPRAVASGRYATEKAFLQMMTRGSCGLPCHENRRCGWACYCDDGICKPLRV,1
MKCPFCGHADDRVLDTRVQKDGSIRRRRECLECKARFSTVETIMLAFPFIIKKDGRREPFSKEKILKGLQASCQKRPVSLAQIDAVVEKISAWVINRGESEISSRLIGKKVMAELKQLDDVAYIRFASVYRTFKDVQEFVETLEDAELLDFVDASNPQLSLTAMTFVESEKSTNHETDSKTPSPRTRPPGPLSN,0
MRNTVSTFQELKNKGEKITMLTAYDYSMAKLIDSSGINGILVGDSLGMVCLGYENTLSVTMEDMLHHTKAVVRGTSNALVVGDMPFMSYQTSIYDAVYNAGRFIKEAGAHAVKLEGGATVAEEIKAIVKAQIPVMGHIGLTPQSVNMFGGFKVQGKNEKVAKKLIEDAKILEEAGAFSIVLECIPEKLSKIISESISIPTIGIGAGKYCDGQILVYQDMLSMFSDFKPKFVKSFGNIGESIKDGVSQYIKEVKEVKFPEEKHAFKIDDDVINKLY,1
MKAEILCVGTELLLGDIVNTNAQYISKELANIGIEVYHHSVIGDNENRLLKELERAFNYCDLVITTGGLGPTKDDLTKESVAKFFQEDLVLHEKSLKQIEKRLLCFNKSMTESNKKQAYFPKNCEILENPNGTAPGFIIEKDNKIAIILPGPPYEMQPMFENKVIPYLEKLTSSTIKSKVLRITGIGESDVADLISDILENQTNPTVAPYAKQGETTLRITAKANSEEKALNLIVPIEKKIRQILEDNIYGSGETSLEEVVANILVKRNLTIATAESCTGGLLAGKLINFPGISSVFLEGAITYSNESKINRLNVKKETLEKYTAVSKEVALEMAEGIAKSAGTNIGISTTGVAGPGGGTYDKPIGLIYIGLYINGKTFVKELNYSGNRQFIRNITVTRALDFLRRNLK,1
MADQIQEILDVPREFLKDGIQFIKKCQKPDRREFIKISQAVGTGFLIMGAVGYLVKLIHIPLNQVLVGGA,0
MPTISQLVRKGRKTIASASDSPALKECPQKRGVCTVVKTTTPKKPNSALRKVARIRLTNGYEVTAYIPGVGHNLQEHSVVLIRGGRVKDLPGVRYHIVRGALDAAGVANRMQSRSKYGAKKPKQK,1
MVSYKEAGVNIEEGYKSVDLIKKHASKTFTKGVLNNLGSFAGMFELPKYKNPVLVSGTDGVGTKLDIAFRMKKYNTVGIDCVAMCINDILCHGAKPLFFLDYIACGKLEAEVAAQLVEGVSNGCIQSECALIGGETAEMPGFYRDGEYDIAGFAVGIAEKDEIIDGSKIEDGDILIGIASSGPHSNGYSLIRKLVEDLHKDFEGNKIGNTLLTPTKIYVKPVMKLLEKYNIKGMAHVTGGGFYENIPRMFKEDFTAVINKKSYPLPNIFSHLISLGIEEDHMYNTFNMGIGFVLCVNEKDGENIIKDLIEMGEKGYKIGYVKKGDKSVELI,1
MEGAELIIQEINREAEQKIQYILSEAKEEAEKLKEEARKRAEAKAEWILRKAKTQAEIEKQRIIANAKLEVRKKKLAVQEELIRSVIESLKERLANLPEDEYFPMLVELTVKAVEELGTDKVVVRSNERTLKLIVERLSEFREKLREALGKDVEVTVGEPIQTIGGILVESSDGTVRVDNTFDSRIERFESDLRATIAKALFG,0
MARYTGATCRLCRREGLKLFLKGDRCYTDKCAFARRGYAPGQHGQSRKKVSNYGLQLREKQKAKRIYGILERQFRGYYEEADRRRGITGENLLRLLEMRLDNVVYRLGYGNSRTEARQLVTHGHFLVNGKKVDIPSYQVSANDVITVCDKSKATEKFKTFAENPKTLPAWLSGNVEGFEGKVERQPAREDIDVPVNETLIVELYSK,1
MNRGKLPEGWATAPVSTVTTLIRGVTYKKEQALNYLQDDYLPIIRANNIQNGKFDTTDLVFVPKNLVKESQKISPEDIVIAMSSGSKSVVGKSAHQRLPFECSFGAFCGALRPEKFISPNYIAHFTKSSFYRNKISSLSAGANINNIKPASFDLINIPIPSLAEQKIIAEKLDTLLAQVDSTKARLEQIPQILKRFRQAVLAAAVSGTLTTALRNSHSLIGWHSTNLGALIVDSCNGLAKRQGLNGNEITILRLADFKDAQRIIGNERKIKLDSKEENKYSLENDDILVIRVNGSADLAGRFIEYKSNGDIEGFCDHFIRLRLDSNKIMSRFLTYIANEGEGRFYLRNSLSTSAGQNTINQTSIKGLSFLLPPLKEQAEIVRRVEQLFAYADTIEKQVNNALTRVNSLTQSILAKAFRGELTAQWRAENPDLISGKNSAAALLEKIKAERAVSGGKKTSRKKA,0
MDFYPIAIEKLIEEFAKLPGIGYKTAQRLTLYVLNLPKEEVKEFSEALVKARGTIKYCSVCGNFTDKDPCAICSNPNRNKSIICVIEQPKDIMSMEKIREYNGVYHVLHGNISPMAGRGPEDIKLKELIRRIDGSVNEVIVATNPNVEGEATAMYISKILKPLGVKVTRIAHGVPVGGDLEYADEVTLAKALEGRIEL,1
MNCLMLIFVVFLLAFGVECKKDDYPVDTAKRNCMLDCNVWDDEGYCDKFCKGRKADSGYCYKLKAACYCYGLPDDSPTKTSGRCNPNVR,1
MPKELKDLKDYLNVLKRPDAKSVVVYKKKSKGGLLSTKFKVRCSRYLYTFSVPNQVKAAKVEATIPSNLEKKVISNKKN,0
MNQRKPANNSLIDNCLTLTGIVTSIVKQSQSPLGIPNYSFWLEHRSNKMEVNLERQVWCKIQVILNGCQFSLITQQIKLGDKVKISGFIHTHKDYNGLSKLVLHTEQIEFIDQEKPNGTLFPSS,0
MEIEIQTKPFGKMQISEKQILSFPEGLLGFEDYKKFALIEEEEESVFKWLQSVEEVDLAFVVIPPSLFKKEYKPLISEQELQGIGITDLEDGLMLVIVTVPGEDPALMTANMQGPILINKKTLLGKQFISRNESHSVREKILASAAVEMD,0
SDFRNAAVHERQKELVVTATTTCCGYNPMTSCPRCMCDSSCNKKKKPGRRND,1
MALPTARPLLGSCGSPICSRSFLLLLLSLGWIPRLQTQTTKTSQEATLLHAVNGAADFASLPTGLFLGLTCEEVSDLSMEQAKGLAMAVRQKNITLRGHQLRCLARRLPRHLTDEELNALPLDLLLFLNPAMFPGQQACAHFFSLISKANVDVLPRRSLERQRLLMEALKCQGVYGFQVSEADVRALGGLACDLPGKFVARSSEVLLPWLAGCQGPLDQSQEKAVREVLRSGRTQYGPPSKWSVSTLDALQSLVAVLDESIVQSIPKDVKAEWLQHISRDPSRLGSKLTVIHPRFRRDAEQKACPPGKEPYKVDEDLIFYQNWELEACVDGTMLARQMDLVNEIPFTYEQLSIFKHKLDKTYPQGYPESLIQQLGHFFRYVSPEDIHQWNVTSPDTVKTLLKVSKGQKMNAQAIALVACYLRGGGQLDEDMVKALGDIPLSYLCDFSPQDLHSVPSSVMWLVGPQDLDKCSQRHLGLLYQKACSAFQNVSGLEYFEKIKTFLGGASVKDLRALSQHNVSMDIATFKRLQVDSLVGLSVAEVQKLLGPNIVDLKTEEDKSPVRDWLFRQHQKDLDRLGLGLQGGIPNGYLVLDFNVREAFSSRASLLGPGFVLIWIPALLPALRLS,0
MEKWNKHIPEGMKDILFKESNIKLNIEDQLRKVYKYSGFSEIISPTIEFYDVFNSNIQAIPQEKMYKLFDNLGRVLVLRPDMIAPIGRITGTKMKECTYPLRLCYTANIFRVNEKLNGKRGEIAQSGIEIIGTNGIKSDVDSIVTAINALLSLGLKNFKIELGEAGFFQALTENMEIKEENLKKLKEIIRNKNYVALKKFLDEISSKYSKEDFELIKNLPKLFGDIKIIEKAKALTKNKKALRSLDDIHNIYKSIENIGLEAYISIDLGMVQNIDYYTGVIFKGYVEEVGDSILSGGRYDNLIQHFGIELPATGFAINVDDIMIALKKQNTMSMDKDKKVLIFYKEEFLRKAYDFMQELKMKKIICELSLLDDDKEILLYSKKKGIDFIIGFMGEEKLFVKDLKSDKIAFLKKDEIENLLML,1
MAVSQLMQNLTKQLLHVRERKTDVMQEGETAKELNYEGEDMQATSSAQNRQTSV,0
LTCKTCPFTTCPNSESCPGGQSICYQRKWEEHRGERIERRCVANCPAFGSHDTSLLCCTRDNCN,1
MDQFGDILEGEVDHSFFDSDFEEGKKCETNSVFDKQNDDPKERIDKDTKNVNSNTGMQTTENYLTEKGNERNVKFPPEHPVENDVTQTVSSFSLPASSRSKKLCDVTTGLKIHVSIPNRIPKIVKEGEGDYYTDGEESSDDGKKYHAKSKPAKPSTNVKKSIRKKYCKVSSSSSSSLSSSSSGSGTDCLDGGSDSHLSDSSPSSKKHVSGITLLSPKQKYKSGIKLTETQPSSTTPKCGHYPEESEDTVTDVSPLSTPDISPLQSFELGIANDQKVKVKKQENVSQEIYEDVEDLKNNSKYLKAAKKGKEKHEPDVSSKLSSVLDCSLDHRHKQKVLHDTMDLNHLLKAFLQLDKKGPQKHHFDQPSVAPGKNYSFTREEVRQIDRENQRLLKELSRQAEKPGSKSTIPRSADHPPKLYHSALSRQKEQQRIERENLALLKRLEAVKPTVGMKRSEQLMDYHRNMGYLNSSPLSRRARSTLGQYSPLRGASRTSSATSGLSCRSERSAVDPSSGHPRRRSKPPNVRTAWL,0
MATVTILSPKSIPKVTDSKFGARVSDQIVNVVKCGKSGRRLKLAKLVSAAGLSQIEPDINEDPIGQFETNSIEMEDFKYGYYDGAHTYYEGEVQKGTFWGAIADDIAAVDQTNGFQGLISCMFLPAIALGMYFDAPGEYLFIGAALFTVVFCIIEMDKPDQPHNFEPQIYKLERGARDKLINDYNTMSIWDFNDKYGDVWDFTIEKDDIATR,0
MCVATCLCTFAYVLAKSDEGENLISKVEETQRGCIEIGGDCDGYLDKSYCQCCRNNGFCSCYKVPEWFGYKVGCKCSVDWNFVGWCRLKQFCPGGSQNPSLCKDPNPRRRRHGK,1
MKLSVTFIALMLTMTLTQGFVLQAIDGRDNSGLDDLSEADSMEHQLQRRDCGRCPLGQYCDAEAGMCKPTLIM,1
MKTGMIICLLLIAFMDADGSPGDTLYSQKTADTDSGMKRFQKTFQKRRCVFCPKEPCCDGDQCMTAPGTGPFCG,1
MLDVNFFDELRIGLATAEDIRQWSYGEVKKPETINYRTLKPEKDGLFCEKIFGPTRDWECYCGKYKRVRFKGIICERCGVEVTRAKVRRERMGHIELAAPVTHIWYFKGVPSRLGYLLDLAPKDLEKIIYFAAYVITSVDNEMRHNELSTLEAEMMVERKAVEDQRDADLEARAQKLEADLAELEAEGAKADARRKVRDSGEREMRQLRDRAQRELDRLEDIWSTFTKLAPKQLIVDENLYRELQDRYGEYFTGAMGAESIQKLIETFDIDAEAEILRDVIRNGKGQKKLRALKRLKVVAAFQQSGNSPMGMVLDAVPVIPPELRPLVQLDGGRFATSDLNDLYRRVINRNNRLKRLIDLGAPEIIVNNEKRMLQESVDALFDNGRRGRPVTGPGNRPLKSLSDLLKGKQGRFRQNLLGKRVDYSGRSVIVVGPQLKLHQCGLPKLMALELFKPFVMKRLVDLNHAQNIKSAKRMVERQRPQVWDVLEEVIAEHPVLLNRAPTLHRLGIQAFEPMLVEGKAIQLHPLVCEAFNADFDGDQMAVHLPLSAEAQAEARILMLSSNNILSPASGRPLAMPRLDMVTGLYYLTTEVEGDKGAYQPAVQDSPETGVYSSPAEAIMAADRGVLSVRAKIKVRLTQLRPPAEIEDELFGHNGWQPGDAWTAETTLGRVLFNELLPLGYAFVNKQMHKKVQAAIINDLAERYPMIVVAQTVDKLKDSGFYWATRSGVTVSMADVLVPPRKKEILDSYEERAEKVEKQFQRGALNHDERNEALVEIWKEATDEVGQALREHYPADNPIITIVDSGATGNFTQTRTLAGMKGLVTNPKGEFIPRPIKSSFREGLTVLEYFINTHGARKGLADTALRTADSGYLTRRLVDVSQDVIVREHDCQTERGIMVELAERQGDGTLIRDPYIETSAYARTLGADAVDEAGNVVVARGEDLGDPEIEACLAAGITQVKVRSVLTCTTGTGVCATCYGRSMATGKLVDIGEAVGIVAAQSIGEPGTQLTMRTFHQGGVGEDITGGLPRVQELFEARVPRGKAPIADVTGRVRLEDGERFYTIAIVPDDGGEEVVYDKLSKRQRLRVFKHEDGSERVLSDGDHVEVGQQLMEGSADPHEVLRVQGPREVQIHLVREVQEVYRAQGVSIHDKHIEVIVRQMLRRVTIIDSGATEFLPGSLIDRAEFEAENRRVVAESGEPAAGRPVLMGITKASLATDSWLSAASFQETTRVLTDAAINCRSDKLNGLKENVIIGKLIPAGTGINRYRNIAVQPTEEARVAAYTIPSYEDQYYSPDFGQATGAAVPLDDYGYSDYR,0
MQDILNIYLSSEESGGLFDFDATLPLMASQFLLIMLILDITFYKPINKVLKDRENYILKTLESATQISEKTKETLARYEEVILKSKKESQQLIDSIKTKTEHDIVNELIQTQNSTREFISKSIKELYRKKEQTLKVLEEDTENLSDKIYLKLINPKQ,0
MNISIISVGKIKEKFLKAAIDEYSKRLSKYCKLNIIEVADEKTPDNASLKEENIIKEKEGNLILKHIKDNSFVIALDLKGKSITSEEFSDLIENCRLTGNSTIAFVIGGSLGLSQQVLSRANYKLSFSKMTFPHQLFRVMLLEQVYRAFRILCREPYHK,1
MVEEEQPISVDYEVFGKVQGVFFRKYTQAEGNRLGLVGWVRNTDAGTVTGQLQGPSEKVREMQVWLQKKGSPKSRITKVQFQNERRLPKLEHSTFSICK,0
MPKQKTHRASAKRFKRTGNGGLKRSNAYTSHRFHGKTKKQRRQLRKASMVSASDMKRIKQMLSQMK,0
MKFAVILLFSLVVLAVASESVEEVRREIDIEDLPEQQRGCADLRQPCTEGDDCSCCGSEGVCNCSHPHKKGCYCKTAGPLEKLAKKFKGCKNK,1
MHGDDVDRTAFVPRRLPAEAAYVDSQVDLAANRQPHCVTCFERLLVQEKDENRRRLWASGKACATSEESCAGGPTLAPGHSGP,0
MKIFIDTANVEEIRKASELGVLSGVTTNPSLIAKEGRDLKEVVEEICNIVDGPISAEVISLEYEKMIEEGRELSKLHKNIVIKIPMCEEGLKAVSVLSKEGIKTNVTLIFSSMQALLAARAGATYVSPFLGRLDDIGNPGIEVVEQIADMFKIHEIKTEIIAASVRTPMHVLEAAMAGSHIATIPYKVIIQMSKHALTDIGIEKFMKDYEKAFGENK,1
MTKQEFKAITKELFFFNKKRLMLWIAILIFVIAFAMIIVFVPFFNFNDKIKSLFDKLKHINWQDPTALFGLVFSVLGYLITALSIPLKVFELMLMLRFRLMLAKLIKDGILDPKAFIDDIRHSYLSRRKQRKLEEEIEYLKRIKSDY,0
MFKSDIEIAQESKMKNIKNIAEKIGLTEEDIDLYGKYKCKISLDVLKRNKDKKDGKLILVTAINPTPAGEGKSTVTVGLGQALWKKNKKAVIALREPSLGPVFGIKGGAAGGGYSQVVPMEDINLHFTGDMHAITSANNLLAAAIDNHIHQGNILKIDQRRILFKRVMDMNDRALRNVIVALGGKINGFPREDGFMITVASEIMAILCLAEDLMDLKNKMGEILVAYSTEGKPIYCEDLEVQGAMALLMKDAIKPNLVQTLENTPAIIHGGPFANIAHGCNSILGTKMALKLGDYVITEAGFGADLGAEKFFDIKCRKANLKPNCVVIVATVRALKYNGGIPKENLKEQNMEALSKGIKNLGKHIENVNKFGVPAVVAINKFISDTEEEIEFIKKYCKELGAEVSIAEVWEKGGNGGLELADKVLDTIENKESKFNPIYEETLSIKQKIETIAEEIYGAEGVDYSKEAEKQISEIEKLDLDKKPVCMAKTQYSLSDDAKLLGRPCGFRINVKEVRISNGAGFIVVLTGNVMTMPGLPKKPAANNMNVLSDGNIVGLF,1
MAICIYEHDAAKIIPTLVSELPYSTTLLRRIQHGIAYPYETAHILATFPPGLTPEPGQPWLAARVDLFAGRTTQMIIYSSLEAEHTSIPPIVTVSDSTEILNVDSTSNNSKNNDTNDADNPDINSITKFIVSTFSASPPVLALARAQLLALLEYVKTNMLPFYLSYLAKSAQATSVAAETPPVSTSSVTSNNTSPTSVPLIPAPDPQAFLIGSLHTGLFSLLQQSGSYTLSNPIPNIRVHRFDDPPYYKYFFRRSEFSPEAVCGRSADLPFADLSLPSGYRFHDREGREGVLSKHLDLVQSRTHIPRPRAQLSKIPGMAVYLDSTSSDADEMPIAWGFLGVDGALVTLHVEPEHRGRGLAVPLSKAIMRRGMAVDGVFGAGSVNSEDSQTRERVGAWAHTEVAGYNNASRRVMEKIGGQVLTTVTWTVIELLD,1
MVKLLVRDRETIQEAVRRFRKLVERSGIKKEMRRREFYEKPSETNRRARLRAERRNKRTRMLSR,0
MLDISIAIDGPAGAGKSTIAKIIGNKLNIMYINTGSMYRAVTLMALKNNIEPYDIESLKALINSMNISFNGNNIIVNGKDLEEDIRMPIINNNVSKYAAVEEVRELLVSMQQNISKKYNVVMDGRDIGTVVLKDAPYKFFITASAEVRAKRRLKELKEKGININFRDVLKEIKERDYIDSNRKVNPLKQSKDAILIDTSNFTIEEVVDKICTIIKKD,1
MNLYFLFFISTILAAKPFNSFNKTSLIDEGVDNDDDIVSKRAVVIDYCDTRHPNNLCKKYFEIDSYWNDDTDCFTNIGCKVYGGFDIIGGKAPKIGTVCRLKKGKNKFGYCNSKGNCVERDFIESFGVSIKIKGISHRGDDEPACPLYENTWINYGKCNEPYHCGTNYGLFYANKRKLNYFPDNGQKCNSKYEIYGVCYLGRCHGTGNFSNGEVFSEFGTIFKDVEIVTLSDGKNSSKRGKHKNLHGSKVFDSNGIYDIDPKNWKIEDDDKDITVHENAGDPKSDSRRC,1
MILALGDFLPKQEDKACERPWVQFPARPVIFFHHQGGIFLFSINQPNLSCFSKLKEVNSLYVRVATYICQKNESRFRTNRLKGDQ,0
MSRKCEICGKGVVYGVQYSHSHRQSKRSFAPNIKRVKAIVNGTPKRVHVCTRCLRSGKVQRAI,1
MASRTVLLPSAVLILRLLSLGLLAASLALIAADKLNVDSDPPQRYTFRDVYAYRYVLAVAVIGCAYTLLQLPLAAVSIIASGNNKRGIGAGGGSVAVALLVLVLLADVVFALLLATGAAAGFAFTYDVKRYLDGQFDDDSIGTPEVDKLHRDMDKFFDLAYAAAGLMLAAAACMALVIMLSVYSLARQVRSDYI,0
MIAIIPAFNEEKNILKVLKDLEKLRVDAVVVDDGSKDNTSKIVEEFAKKAKINVYLIRNEKNEGKAKAIEKGTKFALSLNKYKYIIYIDGDYQHKPMDIPKLLKKLEDTNADAVFGIRKYKHIPLHRQISNFFASILTSLAVLIYSKRFYFFRDVQCGFRIIKAEFLKDMKFGDGYAVEHFIALQLAKKGAKIVEEYVSVEYHDEAVSYITTKKILEVAKQVIKFIFLE,0
MRLIIPRRGDNHCLNTNQSINMDSILDASAGLESLIRSNSIVLSNSFEECIVLYNNYTFK,0
MDSTNMRSGMKSRKKKPKTTVIDDDDDCMTCSACQSKLVKISDITKVSLDYINTMRGNTLACSACGSSLKLLNDFAS,0
ACQLITAEDSRGTQLHRALRSTSKVSKSTSCVEAGSYCRPNVKLCCGFCSPYSKICMNFPKN,1
MAMNMSMTLCMFVMVVVAATVIDSTQLQEPDLSRMRRSGPADCCRMKECCTDRVNECLQRYSGREDKFVSFCYQEATVTCGSFNEIVGCCYGYQMCMIRVVKPNSLSGAHEACKTVSCGNPCA,1
MQAIKCVVVGDGAVGKTCLLISYTTNAFPGEYIPTVFDNYSANVMVDGRPINLGLWDTAGQEDYDRLRPLSYPQTDVFLVCFALNNPASFENVRAKWYPEVSHHCPNTPIILVGTKADLREDRDTVERLRERRLQPVSQTQGYVMAKEIKAVKYLECSALTQRGLKQVFDEAIRAVLTPPQRAKKSKCTVL,1
MKYTELKDKSIKELEELLHAKKAELFELRVKLKNMQLSNPNEIKKARRNIARINTAINAYYSSSVE,0
MEKRYELNKNLAQMLKDGVIMDVVNPEQAKIAEEAGAVAVMALERVPSDIRKQGGVARTSDPKMIKEIINAVSIPVMAKVRIGHFVEAQILEAIGVDYIDESEVLTPADDLFHINKKDFKVPFVCGARNLGEALRRIGEGASMIRTKGEAGTGNVVEAVRHMRTISSEMRKLQLTPKEELMTVAKEMGAPFNLIEYVAEKGRLPVINFAAGGIATPADAALMMQLGCDGIFVGSGIFKSDNPEKRAKAIVKATTYFKDPEVLAKASENLGGAMLGLEISKLETEFAERGW,1
MYLVVGLGNIGKEYKKTRHNIGFDVVDIIAEKYNIEINRQKFKGSYGEGRIGNEKIILLKPSTYMNLSGESVIEAANFYKIDKENIIVIYDDMSIDIGKLRVRSKGSAGGHNGIKNIIQHLNSDIFPRVRVGIGQPDENVVNYVLGKFSKDEREIIEKVLAMSAKACISIVEDGVTEAMNKYNGVKIEV,1
MLQIRVFNYNDPIDGENIVELRYHNRSPVKAFQIVDGIWIIPERYNFTNDTKKVPDDRALTILEDEVFAVRENDYLTTDVNEKNSFLNNITKLFKRINSSNIGNQLLNYISTSVPYPVVSTNSIKARDYNTIKFDSIDGRRITKSANVLIYGPSMKNLLDKQTRAINGEEAKNGIGCLSDIIFSPNYLSVQTVSSSRFVEDPASSLTHELIHALHNLYGIQYPGEEKFKFGGFIDKLLGTRECIDYEEVLTYGGKDSEIIRKKIDKSLYPDDFVNKYGEMYKRIKGSNPYYPDEKKLKQSFLNRMNPFDQNGTFDTKEFKNHLMDLWFGLNESEFAKEKKILVRKHYITKQINPKYTELTNDVYTEDKGFVNGQSIDNQNFKIIDDLISKKVKLCSITSKNRVNICIDVNKEDLYFISDKEGFENIDFSEPEIRYDSNVTTATTSSFTDHFLVNRTFNDSDRFPPVELEYAIEPAEIVDNTIMPDIDQKSEISLDNLTTFHYLNAQKMDLGFDSSKEQLKMVTSIEESLLDSKKVYTPFTRTAHSVNERISGIAESYLFYQWLKTVINDFTDELNQKSNTDKVADISWIIPYVGPALNIGLDLSHGDFTKAFEDLGVSILFAIAPEFATISLVALSIYENIEEDSQKEKVINKVENTLARRIEKWHQVYAFMVAQWWGMVHTQIDTRIHQMYESLSHQIIAIKANMEYQLSHYKGPDNDKLLLKDYIYEAEIALNTSANRAMKNIERFMIESSISYLKNNLIPSVVENLKKFDADTKKNLDQFIDKNSSVLGSDLHILKSQVDLELNPTTKVAFNIQSIPDFDINALIDRLGIQLKDNLVFSLGVESDKIKDLSGNNTNLEVKTGVQIVDGRDSKTIRLNSNENSSIIVQKNESINFSYFSDFTISFWIRVPRLNKNDFIDLGIEYDLVNNMDNQGWKISLKDGNLVWRMKDRFGKIIDIITSLTFSNSFIDKYISSNIWRHITITVNQLKDCTLYINGDKIDSKSINELRGIDNNSPIIFKLEGNRNKNQFIRLDQFNIYQRALNESEVEMLFNSYFNSNILRDFWGEPLEYNKSYYMINQAILGGPLRSTYKSWYGEYYPYISRMRTFNVSSFILIPYLYHKGSDVEKVKIINKNNVDKYVRKNDVADVKFENYGNLILTLPMYSKIKERYMVLNEGRNGDLKLIQLQSNDKYYCQIRIFEMYRNGLLSIADDENWLYSSGWYLYSSGWYLDNYKTLDLKKHTKTNWYFVSEDEGWKE,1
MNPIVEFCISNLAKGGDYVYNQLENDPGIDVLEYGCLQNCGICSSGLYALVNGDIVEGESPDDLLQKIYAHIEETWIF,0
MISAGDLRKGTTFEQDGQVYVVVEFLHVKPGKGAAFVRTKLKNAITGAVTETTFNPTAKLQEAVIERKEMQYLYTDGELYYFMDQETFEQIPLNYDKVEEAIKFLKENMFATIKFFKGEAFSVEAPNFVELLISHTEPGAKGNTTSNVMKPATLETGATIQVPLFVNEGETIRVDTRTGEYMERV,1
MMKGQIAGLMKQAQQMQENMKKAQEQLALIEVEGVSGAGLVKVVMTCKNDVKRVSIDPSLLAEGEDKDLLEDLIAAAFNDAVRKAEATTQEKMGSLTSGLGGMAGMLPPGFKLPF,0
MANNDAVLKRLEQKGAEADQIIEYLKQQVSLLKEKAILQATLREEKKLRVENAKLKKEIEELKQELIQAEIQNGVKQIPFPSGTPLHANSMVSENVIQSTAVTTVSSGTKEQIKGGTGDEKKAKEKIEKKGEKKEKKQQSIAGSADSKPIDVSRLDLRIGCIITARKHPDADSLYVEEVDVGEIAPRTVVSGLVNHVPLEQMQNRMVILLCNLKPAKMRGVLSQAMVMCASSPEKIEILAPPNGSVPGDRITFDAFPGEPDKELNPKKKIWEQIQPDLHTNDECVATYKGVPFEVKGKGVCRAQTMSNSGIK,0
MARRCEVTGRGTVSGNNVSHSHIKTRRTWKVNLIKKRIFLEDENRWVTIRLSTRALRTLRKKGIKAAIKDNGGSLGVLAPKKYAGITKQAPKKA,0
MVEVRVPATSANIGPGFDCLGVAVNMYNKFFVEEIEEGLIFEGCADKFKNENNLIYVAMKKCFDKIGYKPTGLRIKIESDIPVSRGLGSSAACVVGGIVSANELAGGALNKKELLDLAVEVEGHPDNVNPAFCGGMTASISDNREVIYSKVKVSEGIKFCALIPDFTLSTEKARAVLPKSIDYKDGIFNVGRTALMISALNNGDFHLIKYACKDKLHQDYRAKLIENFYSIKKQCEKLNSLGVFLSGAGPTIMVMLREEDKDFSKNIKSFLETLKNKWEVRELKIDKLGTVVNNCKV,1
MRLRKKWWARPEIEASDKFAEEPKELRGKWNKEFNNNNDIHLELGCGRGGFISQLVEKNKDINYVGIDLKDEVIVYAIRKVKEKEEEVKREFKNIKFVTMNIMGIAEVFDKNEISKIYINFCNPWPKERHNKRRLTHTKLLTEYKKFLKPNTEIWFKTDDKELFEDSQEYFKESGFNIEYITYDLHNSDFKENIKTEYETKFETMGMKIMFLKARLL,1
IVGTIAAAAMTVTHVASGRLNDYILKLEEPNGILLHFKAPLFSIIQEGYAVPKSSLVGTGTSNNEGLLDRNGVDEMLNEKYAVQYASETLFSKDLYNAASNPDSAVGFKLMESPEININERNDWPVASTLLRSSNVNVNLKNSDTPLNLAYFIDQGADINTRNGHLNIVKYLVEEEDLSVDGSKYGIDMTIRTALDIATDLK,1
MAAIIVHGGAGTIRKEERIPKVIEGVREAVLAGWRELKRGSALDAVEEAVKALEDNPIFNAGTGSVLTLDGKVEMDAAIMRGKTLDAGAVAGIWGVKNPISVARKVMEKTDHVLLIGEGAVKFARLLGFEEYDPITEERLKQWEELRKKLIEKGETKHWKKLNELIKEYPEVLRSTVGAVAFDGEEVVAGTSTGGVFLKMFGRVGDTPIIGGGTYANEVAGASCTGLGEVAIKLALAKSAADFVRLGMDAQTASEAAISLATKYFGPDTMGIIMVDAKGNVGFAKNTKHMSYAFMKDGMDEPEAGV,1
MSALSTLKKRLAACNRASQYKLETSLNPMPTFRLLRNTKWSWTHLQYVFLAGNLIFACIVIESPGFWGKFGIACLLAIALTVPLTRQIFFPAIVIITWAILFYSCRFIPERWRPPIWVRVLPTLENILYGSNLSSLLSKTTHSILDILAWVPYGVMHYSAPFIISFILFIFAPPGTLPVWARTFGYMNLFGVLIQMAFPCSPPWYENMYGLEPATYAVRGSPGGLARIDALFGTSIYTDGFSNSPVVFGAFPSLHAGWAMLEALFLSHVFPRYRFCFYGYVLWLCWCTMYLTHHYFVDLVGGMCLAIICFVFAQKLRLPQLQTGKILRWEYEFVIHGHGLSEKTSNSLARTGSPYLLGRDSFTQNPNAVAFMSGLNNMELANTDHEWSVGSSSPEPLPSPAADLIDRPASTTSSIFDASHLP,0
MRQLPGKAAKETRKMKRERKQQNKEGHNRVVTVAIPVCLAVFVMLIVYVYSATSKHRKWARR,0
MQLGTGLLLAAVLSLQLAAAEAIWCHQCTGFGGCSHGSRCLRDSTHCVTTATRVLSNTEDLPLVTKMCHIGCPDIPSLGLGPYVSIACCQTSLCNHD,1
MHQEIQSEVVIIGSGPAGYSAAFRCADLGLETVLIEHQERLGGVCLNVGCIPSKSLLHIAKIIKDASELSESGVFFNKPIIDIKKINNWKEKIIKKLTTGLSNMGEKRKVRIVQGKALFNTDHSVLVKNKKNDFTIFFKHAIIATGSKPIKIPSLPNEDNRIWNSTDALSLKSIPNRFLIIGGGIIGLEMATIYSALGSKVDIVDRFNAFLPSVDKDITDIYIKSIKKRFKLLLNTHVKSVEKSKDNDLIVKIAEENSDENVCCYDNILVAIGRSPNVDFLGLEKIGLKLNESGFIEINQQLKTNISHIYAIGDVTGFPMLAHKAVQQAHIAAEVISGKKHYFEPKVIPSVAYTDPEIAWVGLSEKEAENNDIDYEVSLFPWSASGRAHASNCTLGMTKLIFNKNTNKIIGGSIIGTNASELISEIGLAIEMGSDAEDISLTIHPHPTLSESISLASEVFQGTITDLLNLKKSLLN,0
MIRQRTLKSIVKATGVGLHGGRKVQLVLRPAAPDTGVVFHRVDLDPPCDLPADPYSVCDTRMCSGLERNGAKVGTVEHLMSAVAGLGVDNLHVDVDAPELPILDGSAGPFVFLLQSAGIEEQKAPKRFLRVKKAVEYREDDKWVRLEPHDGFRLTFSIVFNHPAIDKTSTSVTVDFAEHSYVRDVARARTFGFMQDVDSMRAHGLALGGSLDNAIVMDEYRVLNSDGLRYVDEFVKHKVLDAIGDLYLCGHPLLAAYSAHKAGHALNNQILRVLLEDRSAWEIATFEQPGMTPAAVSHQFELAPAT,0
MNYNKKSIEDIDVKGKKVLVRCDFNVPLNEGKITDENRLVGALPTIKYLMEKGAKIILCSHMGKPKGEPKKELSLLPVAKRLSEMLNKEVIFADDDNVVGENAKKAVEDMKDGDVVLLQNTRYRKEETKNEEVFSKELASLADVFVNDAFGTAHRAHCSTVGVTNYLKEAACGYLIQKELKFLGNAVEKPERPFVAILGGAKVSDKINVINNLLDKVDTLIIGGGMGYTFLKAQGYTIGNSLVEEDKVEYSKEMIDKAKEKGVNLLLPIDNVVADKFDKDASPVITEDQNIGEGYMGLDIGPKTAKIYSDAIKSAKTVVWNGPMGVFEFKSFANGTIEVAKAMADSDAVTIIGGGDSAAAVNILGFGDKMTHISTGGGASLEFLEGKELPGIAALNDK,1
MRRLVLLLAISLLLYQDLPVRSEFELDRICGYGTARCRKKCRSQEYRIGRCPNTYACCLRKWDESLLNRTKP,0
MQALPTILPPPPLPDDSEAPARTPEKHANLVRFQSELEFIQCLAHPQYLHELHIQGYLGKPAFLNYLKYLEYWREPQYVRFIIYPTCLVYLTLLQTELFRSRLGDMGFITELMRVGSRHHATWRVGKPAEDKQSEEKPAVSMAPLDDDEEEDEPERGQETKGKRKKKKSRSGNVGAGQAL,0
MGAIVLVALMALVASSSAFSDIEHNIMKLEGENIISSSSTPNDDQSSFSDGTSDMVESLFLNSGNRNLVLMMLSGRPQPNGRCIGDAQPCGFLVSDKGCCDPNYCSEYSKGKCICVPKGQPCGLLHFCCLDLTCDGYFNGTCK,1
MEQSVDSLKVNHNDSEESKTDSQHLTYMDSSEPSFGQDGSPRVLPVTTPEEDGSLTSQNIPGPLTQAQILSAEQFHLVDQNGQPVQYELQSLGDSNAQMMIVASPSENGQVLRVIPSPQTGMTQVIIPQGPLVDENSPQDVSEEKPSDRNLPAVRVDALADSNSSYVLHPQASLTLPKKTVTRILEEPLLAPLQPLSSNTPIWACRLRSCEKIGDSYRGYCVSETELESVLTFHKQQTQSVWGTRQSPSPAKPATRLMWKSQYVPYDGIPFVNAGSRAVVMECQYGPRRKGFQLKKIGELENRSCQLYKATCPARIYIKKVQKFPDYRVPTDPKIDRKIIRMEQEKAFNLLKKNLVDAGGVLRWYVQLPTQQAHQYHELETPCLPLSSSSFPISSLEEEEAAIRDENCTLPSRLHPQVAHKIQELVSQGIEQVYAVRKQLRKFVERELFKPDEVPERHNLSFFPTVNDIRNHIHEVQKSLRNGDNICNSEIIPATLQWTTDSGNILRETVTVTLAEGNSQGESVSSKLETNQTRNSLSPEPAQLLSSLSSFQPKIFTHLQGLQLQPRFTSDGSPALISVNNHPSSSPSRLLDSVRSVVMNNNSLLLGQTHCLQTDTPLTPNSSISSTMSNLPGPDQNLVAVDQLVEVEDVEDTETLEGNVHRILLGNVQTIPIQIIDNPPVLSNFGSILKEPIFDCFGGPIKI,0
MGLAAPRKRTKISHDPNNTNWSRSTSGYGHKIMSSQGWTPGSFLGARNAAHADMFTAASASHIRVVVKDDTLGLGARSKRDPLDEPTGLDAFKGLLGRLNGKSDADLEAEQKKHEDAKIARYAATKWHTVTFISGGLLAQEKLVSLSAQKESPGAQHGSHQNRGGLDMQKSEEDANTSIKDNTLKALREEQVSSVPIAEDTSRSKSKRHRKDEQGKKDKKERKTKKRKHMDEPSPIDSDIPERAILETDLQATVTDSRDTTPPVAKVLSKERRPMGRHLLRGRHIAQKKKALMDDRSLNEIFMVKS,0
MAGEWACLLVSLVLLWGAAGSRDGFLLDRNFCRIKCSFLGSNSMCADRCTVLGASAGHCNNYACFCTDLRDRVKIWGDSVRCRKP,1
MAAFKATFFLLLVVCAMVITTTEAGVRVRPCDQVCSRIDREKDECCRAHGYSGHSSCDRGRMTCY,1
MSALNSRTVEEVRKDYAKLLDPQEPLDSRMRELYRLKEDCLKTAAGVTVILETIDTTDSVLLQHELAYNAGQSGREEAVPELERILRTTSYDVVTRHEAAEALGAIGSPLALQVLEAHSDPTTEPEAPIRETCELALARIAMKETKGDAAVAPPSGCEFVSVDPSPAFSALYSSTDEPVPHTVEELEAVLLDTSGRTRLFRRYMAMFTLRNLATEAAVAALCRGLREDNVSALFRHEVAFVLGQLERPSSQPALIAALKDEEEAPMVRHEAAEALGAIADPATLPVLESYATHHEPIVRDSCVVALEMHKYWANFNGLAHQQQQEA,0
MAVSAVPHPSKQAQASEEGINQEKCINEEYKIWKKNSPFLYDLIITRALEWPCMSLQWYPEQQIFAEHGYTEQKMFLGVRADVGKYLLAVASIQLPYLNQTVPPTTMEGASAGDESSLRVNISNLYSHPESVCSAKLMPQDDSCVATVGNYHNDVLVFDKESFESYSSASESPLKPKYRLTKHTQPCTSVCWNFLSKGTLVSGSQDATLSCWDLNAYNESDSASVLKVHISSHEKQVSDVRFHYKHQDLLASVSYDQYLHVHDIRRPDASTKPARSVHAHSGPIHSVAFNPHNDFILATCSTDKTIALWDLRNLNQRLHTLEGHEDIVTKISFSPHEEPILASTSADRRTLVWDLSRIGEDQPAEEAQDGPPELLFMHGGHTSCTIDMDWCPNYNWTMATAAEDNILQIWTPSRSIWGNEQLEEDATAYLS,0
MTLTFLLVVALCMLTTCHTENYRDSQKVSPVRSIGKTQFARSLRLSERYCVPKSGLCTIFQPGKCCSGWCLIYRCT,1
MKLLPLLFVILIVCAILPDEASCDQSELERKEENFKDESREIVKRSCKKECSGSRRTKKCMQKCNREHGHGR,1
MSSSRRSRQASSSSRISDDQITDLISKLRQSIPEIRQNRRSNTVSASKVLQETCNYIRNLNKEADDLSDRLTQLLESIDPNSPQAAVIRSLING,0
MGLKLNISNDLKKSGFMLRQSLLKTSVSNFLSLNASSTMSRAFIRNPKFYSTSSNDTVLYESKNGARIFTLNRPKVLNAINVDMIDSILPKLVSLEESNLAKVIILKGNGRSFSSGGDIKAAALSIQDGKLPEVRHAFAQEYRLSHTLATYQKPVVALMNGITMGGGSGLAMHVPFRIACEDTMFAMPETGIGYFTDVAASFFFSRLPGYFGTYLGLTSQIVKGYDCLRTGIATHFVPKHMFPHLEDRLAELNTSDISKINNTILEFAEFASSSPPTFTPDVMDVINKCFCKNDTVDIIRALKEYASNTSALAEFAKSTVKTLYSKSPTSIAVTNRLIKSAAKWSISEAFYYDHIVSYYMLKQPDFVEGVNAQLITKTKNPKWSKSHEYHFKDLENYFKLPSEYNNGISFAAKGRRKTPLWNYKTYPYL,0
MARFLSILLCFAMATGLAAGIRYPDRVLGRCSTHDLSKMEIDTNLDGVYSPHRSFCTCGSGEVYFTAKDRRNHSNYRVYVCGMPTEFCTAENPVRDPKKGNRWLQCRCRQYKMVIYRDWLVLCE,1
MVKKGSWFSAIKRVFTPHSKEKLANEPERKSGKEKKKKGFGKLRHGETNSFLPIFREPSSIEKILGEAERDHNLVFRPPTPDRPNPYSASPPPRPASPRVASPRPTSPRVASPRVPSPRAEVPRTLSPKPPSPRAEVPRSLSPKPPSPRADLPRSLSPKPFDRSKPSSASANAPPTLRPASTRVPSQRITPHSVPSPRPSSPRGASPQAISSKPPSPRAEPPTLDTPRPPSPRAASLRADPPRLDAARPTTPRPPSPLADAPRLDAPRPTTPKPPSPRSDPPRLDAPRPTTPKPPSPRSVSPRAVQRREIVYRPEPTLPVQHASATKIQGAFRGYMARKSFRALKGLVRLQGVVRGYSVKRQTINAMKYMQQVVRVQSQIQSRRIKMLENQAQVEKDEAKWAASEAGNDNWDDSVLTKEERDSRSQRKTDAIIKRERSMAYAYSRKLWKNSPKSTQDNRSFPQWWNWVDRQNPLASPAPSYSQPQRDFRLTPSRLCPSPLSQSSKQHHIRLDNHFDTSTPRSSRSTFHTPSRPIHTGTSRYSRGRLRGQDSPFKDDDSLTSCPPFPSYMAPTVSAKAKVRPNSNPKERVMGTPVSEKRRMSYPPTQDTFRWNKGSLVMSNSSSHRGPGSPGGVVLEKHKTLKSVGNLSIGSTASMATTVGRKEFNRFV,0
MRRLNITTAEMESVCGRMVACRAAEHLGLNINQFYYIAKKLSLKTAFIKPRWSDDEDKRMQTLISSGYTQRNVAKILGRSEESVKSRLSRLRKK,0
MNQYKNFIMQFEDIVGNNNVLIDEPMKKHTSFKVGGPADLLITPTTLEQVKDSIILCRNNSIPYYIIGNGSNLLVRDGGIRGVVIKFLKLGDIKVEGDRVIAQSGAPLTNICNEALKSNLGGLEFACGIPGSVGGAVTMNAGAYNGEISQVIESAKVIDKDGNVFLLNKEQLDLGYRMSAIQKYHYIVLEVTFKLHNSEYDTIKNRIMDLNRRRTEKQPLEYPSAGSTFKRPEGHFAAKLIEDTGLKGESIGGAQVSEKHSGFIINKGGATAGDILNLIEFVQNKVMEKFEVDLHTEVRIIGEENN,1
MGILNKIFGTYSERELRRVNPIVNKIEALDEKMQSLKDEDFKLKTEEFKSRLEKGEKLDDILPEAFALVREAAHRTIGLKHYREQLIGGVVLHQGRIGEMKTGEGKTLVATLPAYVNALTGKGVHIVTVNDYLAKRDRDLMAPVYEFLGLKVGVILHNLNNEERQEAYGSDITYGTNSEFGFDYLRDNMVVYKEERVQRKLNFSIVDEVDSILIDEARTPLIISGQGEKSTEFYKVADYFTKSLIAEKDFTIDEKANSAMLTDEGVNKAENFFKVDNYADAENMEIQHHVVQALKANYVMKKDKDYMIKDGEILIVDEFTGRAMEGRRYSDGLHQAIEAKEGVRVERESKTLATITYQNYFRMYNKLSGMTGTAQTEENEFREIYGLDVIVIPTHEPIARIDNADVVYKSEKGKFKAIVDEIVERYKKGQPMLVGTVSIEKSEMLSSMLKKKGVPHQVLNAKYHEKEAEIISHAGEYGMVTIATNMAGRGTDIKLTKEAEEAGGLMIIGTERHESRRIDNQLRGRSGRQGDPGESRFFVSLEDDLMRIFGSERIQGIVDKLGLAEDEAIESKMVSSAIESAQKKVEGNNFDIRKTLLQYDDVINKQREIIYKQRSEVLEGEDLKDQIRDMIRDVVYTAVNSHISGVEEEFQTELQNLVNYLEDICLPKALVKVKDISNLSDEEIKEKLLEAVENIYIRKEKEIGEEQIREIERVILLRVVDTKWMDHIDDMDHLKQGIGLRAYRQQDPVQAYQFEGSEMFEEMIYNIKVDTVRYLFHVEVEKAPEREKVAKETSTNYDEDSVKKQPIKKENRIGRNDMCPCGSGKKYKNCCGRMA,1
MVHPVQVGKRTRMSFSRLKEVGQMPNLIEVQLDSYDWFLKEGLQEVFDDINPIQDYTGNLNLEFVGYKLDLDSIKYSVEECKERDSTYAAPLKVKVRLLNKETGEIKEQEVFMGDFPLMTEQGTFIINGAERVIVSQLVRSPGVYYDMTVDKTGSKLFSATVIPNRGAWLEYETDSNNIIYVRIDKTRKLPITILARALGYGTDAEIIEFFGEDERLKATIEKDNTKTREEALLEIYKRLRPGEPPTVDSAESLIESLFFDAKRYDLSRVGRYKFNKKLAIHLRITNQIADQDIVNPQTGEILVQKGEKIDKDKAIEIQNCGVNEVYIKIDDKSFKVIGNHFVDIHSLISFDISDLNIKEYVFYPVLKEILDNYADEESIKEEIRKNIYRLIPKHIIREDIYATINYELGLSYDIGYKDDIDHLGNRRLRSVGELLQNQFRIGLSRMERVVKERMTIQDQEVITPQALINIRPVAASIKEFFGSSQLSQFMDQTNPLSELTHKRRLSALGPGGLSRERAGFEVRDVHHSHYGRMCPIETPEGPNIGLINSLATFAKVNEYGFIETPYRRIDPKNKRATNDIVYMTADEEDLYVIARSDEPIDENGYFMDDKVTVRAKEEVLVVPVSEVEYMDISPRQLVSVATAMIPFLENDDASRALMGSNMQRQAVPLLKPQAPIVGTGIEYKAATDSGVLPKAKNAGTVAYVSADEIRVRRDSDGGIDKYKLLKFKRSNQGTCINQRPIVSKGEVVAKETLLADGPSTDLGEIALGKNILMGFITWEGYNYEDAMLISEQLVREDVFTSIHIEEYEAEARDTKLGPEEITRDIPNVGEEALKDIDERGIIRIGAEVRSGDILVGKVTPKGETELTAEERLLRAIFGEKAREVRDTSLRVPHGEAGIIVDVKIFTRENGDELPPGVNKLVRCYIAQKRKISVGDKMAGRHGNKGVISRVLPEEDMPFLPDGRPLQICLNPLGVPSRMNIGQVLEVHLGLAASKLGWHIATPVFDGAIESDIVDCLRKAGYSEDGKTVLYDGRTGEPFDNRVTVGYMYILKLAHLVDDKIHARSTGPYSLVTQQPLGGKAQFGGQRFGEMEVWALEAYGAAHTLQEILTVKSDDVVGRVKTYEAIVKGENIPEPGVPESFKVLIKELQALCLDVKVLNDDNQEIKLKESVDEDVDELEVNIEGAENQLEDKEEKEEEKEENYKEDSDEYDDLREEDVEPDLEELSLDDLDLDDFGDEH,1
MTPTVPELEFAQATAFESNVPPLFPGRAGPDDGADRLRLRLAVRGWARPLDLIAASNSPDDVMAILGALAAEVETAVQTRPNQWYLSLAARKRELARRDDAQLRAAASASVPGDDDDPVLHAMRIALADAEPTLSALGTDVLAALGNACDWLGERWRHAVGAQRIAGELASRALDADLRRMTRDPMVGRSHRDTLARLIGFATAATQTPLSVAYVYGGGGAGKTTLLSFLQRDLSQRAEPVPVVRIDFDEPAIDPTRMVTLNIALVEQLARSVPAVCDRASDMLPALRDTALVQHDAGLSRGGPRKRIKSSRPESMLKAESVASQAASDEGSILYRLLAPDVVAGPILIVFDTAELVLAQSDHVASSLVSWLGFLHNEAGARDLRLVIAGRDPPDDPDLGHAANSLLSRLKDTGARIETPIGLPELDPAEAQQLLRNCGVDDPTAAAEAAAAVPGNPLLLRITADALLQGEAELRESVRRAHRDSRIDADSARNYLLRRVVAHVRDPIARPYVLAATYSPVVTAKLLEEVVIPAVDRSEREPGPGIPANKKAATAKAKRVFDALASTYWLTRQTLRSETVPFNREIRAFALKLLAATPEGALLERDVRQSAAIHHLRRRSADDRALALYHLAVLGHPYTVPRDLASVQTVLRDVIEELPADLRNRLAPPVGSVAPGVARGVARSSIDDMSDSDWQRYLEGDERSKRAGEGAQMVKADRAREALDLYLARPTRPPGLPPTFVIQAQADLGEWDEGIADIDAILEREADDWLARKSIGPEALSRIYWITRLALQAYGRLSTPHAMLLRNASETATGPGLSTLPALIAVAETMSGEPIMAGRMRSQALKTDAAGRTLLCPIHGHLPETIELFDAGIAVVQSDWRQRMIQLAPARLIRANEAHLRDLQSRLDALHAKPIAQVNQLFNKMRTGIAVEPTTMAGLNSAVLLLRGLTPEFYRPLREALLALCENGVASPMMRHAVDPLFERMSIRPAEMEPATFYRRLSNNPNAWCTAFIVYADRCRLLPGLCESLARYADSPKSRRIASSFLAWDKALCRGTSSDWGQPAKTRK,0
MAKIMIQGTASSVGKSLIVAALCRIFKQDGYSVCPFKSQNMSLNSYITLDGKEMGRAQVLQAYAAGLEPEAYMNPILLKPTSDKKSQIIVNGKVYGNSTAMEYHNLKIKFKDMLKEQFEKLEEDFDIVVMEGAGSPAEINLRDRDIVNMGMAELVDAPVLLVGDIDKGGVFASLAGTMLLLNEGEKERVKGTIINKFRGDVEILKPGLDMLEDIIHIPCLGVVPYTRLQLEDEDGAVEFNKKAYAPIDIAVIKMPHISNFTDLDALKSEEDVSIRFVTSKEEFKEPDLLIIPGSKNTIEDLLYLRQCGLEERIKEYSREGKIIGICGGYQVLGSKIKDPYKVETDLGEIDGLNLLDMETTFEKEKVTTRVSAKLLNEETKNTVYGYEIHMGISKYGENIKPLFKIYDKNGEKVDYFDGAINEKGNVMGTYIHGVFDGVVFREKIINELRVKKGLKKKKSQMYEHMREKELDKLADIVRQSLDMEKIYSIIGMK,1
MKVKDFDFYLPEELIAQHPIEKRDEARLLVLDKETGEIEHKIFKDILDYLTPNDCLVLNNTRVLPARLIGAKEETGGKMEFLLLKRKEKDVWETLVKPGKRAQIGARFIFGNGELKAEVIGMGEEGSRIVKFYYEGIFEEILDQLGQMPLPPYIKEKLDDKEMYQTVYSKEEGSAAAPTAGLHFTEELLKKIEEKGVKLAFLTLHVGLGTFRPVKVEDIQEHVMHSEYYKMDKKTAEIINDTKENGGRVIAVGTTSCRTLETIGAIEGKVGEQSGWTDIFIYPGYKYKVVDALITNFHLPQSTLLMLVSALAGRDNIMNAYNVAVEKEYRFFSFGDAMFIK,1
MTTQRSHICLNCQHPLRLDFTQRRPDSADSEKKSETVITEALTGHSRNLMKLISDAQFPSDAPVCNDCSDALRNEMDAQVATLDDEIKTYQTYINYLKENHPTTSIPDLKAKLQNVSDEEKELEQQLKKLLAEEEQLDLDLQTKRRTAEAASEKSGELWKKYRDNLRQVFEDQDELHSLEAERQYAEVQHRKLTDTNVLDLCFHIWVDGIVGEINGFRLGYLKDAPVEFTEINAALGQIVLLLEILLERIGVQHHELMPVAMGSHSYIKLRRNGIDMETYALYGQGTPLSGSSGIDPGIRRFLQLLEFLLKELKDRNKNFKPPYQIHADSLVDNGVKYNAVMTLNTDVRWTRAMALMLTDLKAACAQCDALRSPI,1
MPRKGHIAKRDVLPDPLYNSKVVTKLINSIMLDGKRGVAQKICYDAFEIIAEKSGKDAMEVFETAMNNIMPLLEVKARRIGGATYQVPIEVRPERRQTLGIRWMLIAARKRGERSMRERLAGELLDASNNTGAAVKKREDTHKMAEANKAFAHYRY,1
MRLFHFLKFLTINNFSRYCLKIVKVHIIWITIICIIYFNWRFKKLDFMAIPYPPAVIKFNTSAKYLSSNLASSSQLGNNIFEIASLYGLSKHLNRTPLFFIENGYHKKMLDNLRKTMPRLMEKFRILNGSVPRSISETKFQRACCLHKSPWSLEKNRDEYLHLSGKYYQSWKYFPNMRNELIEFLNPTSIQIFGNLPISDDQNHVTCVHSRRGDFVEYLFYASDPKFMKNAVTFLNENEKVGSRNRKIVLFGDDLNFLETYFSDAVLSTDVGKNAEYYISQNPPIDDFLYSKNNCDVVLITAPRSTFGWWIGYFSKGNKVYYLDIKYTGDHIFESGGLIASDFYPSHWTPLKFASANSFTVVRS,0
MPKSHGFRKNTRDKLKKSVRERGISPVVRAIQDFAVGEKVHIIIDPSIHKGMPHPKFHGRTGTVVGRRGRAYVLEVPDQSAKKLVIALPEHLVAQK,0
MGSGPLSLPLALSPPRLLLLLLLSLLPVARASEAEHRLFERLFEDYNEIIRPVANVSDPVIIHFEVSMSQLVKVDEVNQIMETNLWLKQIWNDYKLKWNPSDYGGAEFMRVPAQKIWKPDIVLYNNAVGDFQVDDKTKALLKYTGEVTWIPPAIFKSSCKIDVTYFPFDYQNCTMKFGSWSYDKAKIDLVLIGSSMNLKDYWESGEWAIIKAPGYKHDIKYNCCEEIYPDITYSLYIRRLPLFYTINLIIPCLLISFLTVLVFYLPSDCGEKVTLCISVLLSLTVFLLVITETIPSTSLVIPLIGEYLLFTMIFVTLSIVITVFVLNVHYRTPTTHTMPSWVKTVFLNLLPRVMFMTRPTSNEGNAQKPRPLYGAELSNLNCFSRAESKGCKEGYPCQDGMCGYCHHRRIKISNFSANLTRSSSSESVDAVLSLSALSPEIKEAIQSVKYIAENMKAQNEAKEIQDDWKYVAMVIDRIFLWVFTLVCILGTAGLFLQPLMAREDA,0
MKDKLVKAIAKDGQVRIIGAITTELVNEGVRLHNCAPTAAAALGRMLTAGALMGTTLKSEKDTLTLQIHGGGIAKGVVITSYADGHVKGYIGNPTADIEPNSKGKLDVSGIIGKNGNLLVIRDMGLKEPYIGQVPIYTGEIGEDLAYYYTVSEQTPSAVGLGVLVDKDLSIKSAGGFIIQMMPGADEMLADLISYRLEEIPSITEMISKGMTIEEILEYIFEDMDLKILESIVPEYRCDCSREKVERALASIGQKDLKEIYDEGKEEELKCHFCNKAYVFSHDEVGDILENYYSEK,1
MNILLTNDDGIEAEGINTLAELLSKYHDVIMVAPENQRSASSHSITIYEPIIVKQVKKPYNIEAYSISGTPADCVRVALDKLVPDNIDMVISGINKGLNIGNDILYSGTVSAAIEGAMYKVPSMAVSAQFIKNKKENYKIAAKYALRMLNRLKKEDLKNDVVLNLNIPFCSEEEIKGIKVCKVGNKIFNTRFSEEIDEEGNKVLKLEGDINKDIYEGTDVYYIRNKYVTLTPLHYDLTNFNILEETEQLFLS,1
MVFAMLVVCWSIFLGLWMLVSRLKQSRDKICPPKGPPRLPWIGNLHQFPLKLLHLRLTEWSRTYGGFYTLKLGPVTAAVITDRQIAKEAFDRNSAISSTRHTNYATEFVTDGTHLLTMKYGALWREERKILQQTLKGSVCDNDHMRLIDAEQTQLMRDLLVNPSDYSAYIKRASTSIITSLVFGIRTPSCATLHLQELDAINDDWLQLLVIGGALSEDVFPVLKYIPSAFLGTFTKRLKGIRRRMRRLYGTMLNQTITRQRESPAPPARSMIDAVLNQREHFNLTDRQIEVLAGVTLEGGFDTTTSMLLVFVQAMTLHPECQERAYVEINALCGRHRIPQWSDRNQLPYVNMLLKETMRWRPVTTLSPPHVLEKDTTIRGTFLPQGSMLILNTWGLHQDPNVFIDPDRFDPMRYEGYTKLAADYANAPDAATRDHYTYGIGRRICPGIHLADRSMFLAIAKLIWGFRFEPQRDEQGNSIPIDSNPVTGYTVDKVQISPKPFACAVIPRDKEGEKTILREFGVASEVFADYNLDENASL,1
MDVLEMFDVNYESPILESFDSTTQSLNDVHVFMSRIQMSAYDADGEGRIEYRNLKLYEISSGIFISTDRLDTGASGVEDDHEMVDYYSSARLTREFLGESLDSQKSDYFEGIKKVFSFYKNKCNESRYIKEFFEEIQFRNICGFPKQAGTSSTDIFDQFNSVDVLLQDPVTSVWNKKVGSKKANIVIIPPATNLPITEACATAGFQPEGFPKLGSGSFFTVQFDPFFSTRFKAHETDDVALLDPTLTLLHEMTHGLHFQKGIANPVNRSGETPAWATTWGRVTGDNDAFKETPMEELLTFNKHTIDDDIEISDHLKSTYIGFLYNGRNEDDPTESVDGVYQNVSSFLNQYRGFEISSDFQHFIESCYGVKYNQESKKFIVNPRNIKRYVQDGFFIDEAKFARILNIKTRSYYTLMPDNLGVWSYRVDILNRLRETFDEDRGLLSQELDFHTALTPVVSENPALELEVAGMQRMVSLPKIKASYLPSDIKIKNFTGQKISHDTILDTNISGIIISKIKYKSDFVVDESMPRSSLNTTNYNLSPIKGTKFETDIRDKTSVKVTVSEITAPMINHVMKLDNSKVLTERPSLNEDLEETFKNTKDVYIPKTTAMMKLKEGADQTLGAVGFAVWSGQILEDLYNLAQKKEVSIDQIKDDLMSILPFYCAYKNLSAEKYEQAFANATLDAFLIFATDGGGFAGLGITVGAIAINSMYAKAETMEAYDSMFGKYVDQYQNDIKNFTLNAYVQWENNILSRLWNESRLAITGFRNMLKTVKTVMEFDATNQAYSEEDRKIIKAKCEEIFSEFPMLMQTFAKNSMTANLENASKIFNDIVWQKIKEELDQYVIDSKKYFLDSLEEAYNNGSISAESYYKYQTEAREKFVSPREVIDLYIAAHDTVVKRKRYIRRYSRKYDLATDFKGNTVHLNGLGEGTQDIQDLYGNYSVYADKKTVSTQEGHFDQTIKIAKDTNTINKVVLAVSSNNGKEYALNKDEQYTISFWLRMPVPSSSEERRIFSYSAVSGVNKEVEELILQVKNNEFVLATANLLRNSEFVIEPRIALNRWVKITIVNENTRIKVYQNDNLLGLIKDSSRKKPIAQRGTFKFYNYNVDYQLDDISYYNGTISQRDIKYTFKEDHGQFVYDHWGERLQYNKAYYLLSDDNKSAFETVYETKRLKLKSVPGVDIKYLGMNDRVYGYYGGLQFKLVPLDSKNMNNYVRWGDKFTMQSIETTNLSLAIIQDNAYFAPTQLKLISNEGKSEEEIFTFDRNIKLQNAAILVGTGNSKQGPISAYKRGYSGDLWINGARLDGYVTVVNKSNYSNDEIQEKFKWIFVPKDANWVE,1
MKSLLFVTIAVYFVAQAVTANLLSNFLGSSLIDDDKGNMHKLYKRSEDQCIGRSCTCDTSSTSCCPYAACRCNLWKTSCKCQRTGRKWATPCKEIYSPN,1
MTSVNKQLLKDVMRVDLERQQHQFLRRTYGPQHRLTTQQALTVMRVAAREQTRYSQRTTQCVAAHLLEQRAAVQQELQRARQLQSGNVDDALDSLTELKDTVDDVRATLVDSVSATCDLDLEVDDAV,0
MPITINNFNYSDPVDNKNILYLDTHLNTLANEPEKAFRITGNIWVIPDRFSRNSNPNLNKPPRVTSPKSGYYDPNYLSTDSDKDTFLKEIIKLFKRINSREIGEELIYRLSTDIPFPGNNNTPINTFDFDVDFNSVDVKTRQGNNWVKTGSINPSVIITGPRENIIDPETSTFKLTNNTFAAQEGFGALSIISISPRFMLTYSNATNDVGEGRFSKSEFCMDPILILMHELNHAMHNLYGIAIPNDQTISSVTSNIFYSQYNVKLEYAEIYAFGGPTIDLIPKSARKYFEEKALDYYRSIAKRLNSITTANPSSFNKYIGEYKQKLIRKYRFVVESSGEVTVNRNKFVELYNELTQIFTEFNYAKIYNVQNRKIYLSNVYTPVTANILDDNVYDIQNGFNIPKSNLNVLFMGQNLSRNPALRKVNPENMLYLFTKFCHKAIDGRSLYNKTLDCRELLVKNTDLPFIGDISDVKTDIFLRKDINEETEVIYYPDNVSVDQVILSKNTSEHGQLDLLYPSIDSESEILPGENQVFYDNRTQNVDYLNSYYYLESQKLSDNVEDFTFTRSIEEALDNSAKVYTYFPTLANKVNAGVQGGLFLMWANDVVEDFTTNILRKDTLDKISDVSAIIPYIGPALNISNSVRRGNFTEAFAVTGVTILLEAFPEFTIPALGAFVIYSKVQERNEIIKTIDNCLEQRIKRWKDSYEWMMGTWLSRIITQFNNISYQMYDSLNYQAGAIKAKIDLEYKKYSGSDKENIKSQVENLKNSLDVKISEAMNNINKFIRECSVTYLFKNMLPKVIDELNEFDRNTKAKLINLIDSHNIILVGEVDKLKAKVNNSFQNTIPFNIFSYTNNSLLKDIINEYFNNINDSKILSLQNRKNTLVDTSGYNAEVSEEGDVQLNPIFPFDFKLGSSGEDRGKVIVTQNENIVYNSMYESFSISFWIRINKWVSNLPGYTIIDSVKNNSGWSIGIISNFLVFTLKQNEDSEQSINFSYDISNNAPGYNKWFFVTVTNNMMGNMKIYINGKLIDTIKVKELTGINFSKTITFEINKIPDTGLITSDSDNINMWIRDFYIFAKELDGKDINILFNSLQYTNVVKDYWGNDLRYNKEYYMVNIDYLNRYMYANSRQIVFNTRRNNNDFNEGYKIIIKRIRGNTNDTRVRGGDILYFDMTINNKAYNLFMKNETMYADNHSTEDIYAIGLREQTKDINDNIIFQIQPMNNTYYYASQIFKSNFNGENISGICSIGTYRFRLGGDWYRHNYLVPTVKQGNYASLLESTSTHWGFVPVSE,1
MKLGIFFSVFFLAMIHSCLSETNEDKNLESYFREDDLKALSFGEYARAMMAESRKDNCIPKHHECTSRPKDCCKQNLMQFKCSCMTIIDKNNKETERCKCDNSIFQKVAKTSVNIGKAVVTK,1
MGPWWALWLILTLPQILESQISAMSQGFPQMTSFQSDQFQGEWFVLGLADNTFRREHRALLNFFTTLFELKEKSQFQVTNSMTRGKHCNTWSYTLIPATKPGQFTRDNRGSGPGADRENIQVIETDYITFALVLSLRQTSSQNITRVSLLGRNWRLSHKTIDKFICLTRTQNLTKDNFLFPDLSDWLPDPQVC,0
MALVQALVPREREPKLSILQMDRGDPQHSSHWCPEREKVKLLTLKPRETSKNILINFYRAFNLDKDVFIHQANHPLTVPSSVVMGDNGHTLAEDDKRPCFRVLPCYLERVSSGISISWISAPLPVGAMKHQLLCDLMDLITLSFWLAGQCMSLKATNMQHCKCSIATSDWAIELDRTDYKTLPSEYSILALLQVFAGKNCMDRVLLHVDVNYLKSLP,0
MTEPIISFKDFSFQYHSQATPTLQNINVDIYPGEKVLVVGASGSGKSTFANCINGLIPFKTKGNVTGELHINNQDATVSCLHKRSNVVGTVLQDTDGQFIGLTAAEDMAFLLENNCVEQDDMKKNVSYWAEKVDMIEHLNHRPQDLSGGQKQRVSLGGILIHRTPILILDEPLANLDPATGHETLRLLNNIHEETKSTMIIVEHRLEESLDDTFDRVLLFKDGKIIANTTPSDLLKSSKLKEAGIREPLYCTALKYAEVDVESIDNLANLREVCMSEHVKFKVKKWIDKTSSNDDNKYKSEPLLELNEVCVQYSDYSNSVLNNVQLNVYRREMLSIVGHNGAGKSTLAKAICGFLDITGNIQFCNKGFNQLSISERSEFIGYVMQNPNHMISEKMIYDEVALGLRARGMKESDIKIRVENVLKICGLYAFRNWPIAALSYGQKKRVTIASVLVLNPEIIILDEPTAGQDFYHYNEIMSFLIELNRQGKTIIMITHDMHLLSEYSSRTVVLSKGQVVADTTPVLVLNDKKICEIASLRQTSLFEMAEYIGISEPQKLIQLFINHDRKVRRQ,0
MLRRKPTRLELKLDDIEEFESIRKDLETRKKQKEDVDIVGGSDGEGAIGLSSDPKSREQMINDRIGYKPQPKPNNRSSQFGNFEF,0
MKRTIKYLSFLGLIPFLSITTISCVKQAKENNNKNQLISQFKQLIFILNSFDLDNKKLESKIIKAIEKSDFNKISNINLELTIKFLTRIKNELETKTISQLNKNDKLDILTKIKVHLGSLNLIELVNIVDELVNKLNQKEEIKNTHKDKIEKNKDNIEDIDDSKLEILESKYIPNQHNYPDYVKNFKTVSAEEIYKELYDRTFSIKFLVKLKDGGLLSNGTGTGWLLDYHKYSNTNKYKMFIATNLHVLADFSNSLTDEQNKEFNYYDPSGNKVIGLGLGKADNVTDFSRKNNNSKSENNIANYYLNNQDFENYLKNDFWSVNKFSKGISEPKIVFGAVDFMKDRAIKNHYEALQKEAINYYNYKKNNNEINDDNKIAWNNFLNNKDIPIMIDFAVFEFDVDLDLVDYNLKSWISNAISGLDNYLDRLNKAPILPNQDKKISKYLQTTDYVSALFKKDKSEQNLYNAKDIYIAGYPTSQYSRSVWMQNNPIERNSSTLTSNWRSPTNDKTFAFANEVEEKAGTGLNFNIHDNYWHRVFATFYGYQYNINFSSLYYGASGSLAYNEFGQMIGIYNNVKSNVEFGDLLQSATIAPFLQSDNIKVGDNIIYAYNLIDGTDKTKYKYQKSSFRENLQKLYPNGFSDGLKSTKLFDDIFN,0
MNIRPLGDRVVIKRVEAEETTKSGIVLPGAAKEKPQVAEVIAVGPGGLVDGKEVKMELKVGDKVLFSKYAGNEVKIEGEEVTILKQDDILAVVEG,1
MITALAAAKAYANSGAMSVGSIGSIGGSQDKGVDFGDLLKSAMDGATKASKVAEHKIAAQVAGKAELVDVVTAISSAEASLETVMSIRDQVISAYQEIMRMPI,0
MEKYIMSLDQGTTSSRCIIFNKKGEIVSVAQKEFTQIYPKAGWVEHDPLEIWGKQAGVAGEALNIARISPEQIAGIGITNQRETTVVWNKRTGMPVYNAIVWQCRRTAGYCDELREKGIDKTIKEKTGLMLDAYFSATKIKWILDNVEGARELAEKGDLLFGNIDTWLIWNMTKGKIHVTDYTNASRTMLFNIHELKWDEELLEILDIPKSMLPEVKPSSCVYGETDEILFGVSIPIAGDAGDQQAALFGQTCFNAGMAKNTYGTGCFLLMNTGEKAVDSKNGLLTTIAVGIDGKVEYALEGSIFIGGAVIQWLRDELRMVKTAQETEKYATEVEDNNGVYLVPAFVGIGAPYWDSYARGTILGLTRGAKKEHIIRAALESMAYQTHDVLKAMEEDSGIELKALKVDGGACQNNFLMQFQSDILGVEVDRPEVVETTALGAAYLAGLAVGYWKDRNEISQNWAISRSFAPAMEDEKKEKLIKGWHKAVTKAMDWEERE,1
MPLDTWKSCCPQAVMYQSGDVYVISGCGVEVKYKDLKLATREFCKKVALKRVRKK,0
MSGVVAVQVCTAWTSTPEGFMACRELAWQQAYLIPPEAAGYVDILVNGGFSPEAFGIGAAGVLGSFVTGLLIGWVASLLRKAK,0
MMKFLLVLFLITITLITMAYSEEHGCIPPFQPCEGVNSRCCGLYVCFNKICLATP,1
MLCLPVFIILLLLASPAASNPLETRIQSDLIRAALEDADMKNEKNILSSIMGSLGTIGNVVGNVCCSITKSCCASEE,1
MEQILKFFWYSSTIILIFTILIHNPKSEGLGSVGAQNQFFSNTRSTENTLNKITWLFLVLFLLLTTIIAVS,0
MQLTQVLAVAILAAGVSAGHRPHRPHSNKLEIQDIKCQSGAPYCCSPDKTKGSTCTKLTGSSVNCDSVVVCCNNNGDKHSPQTCSASVAHPITFVDVDAKFRIDHNKVSHNRVNAKQRRDDKKDYGKNDYGKKDYGKKDYGKKDYGKKEYDPKDHKDYDHKDYDHKDYGHKDYGHKDYGHKDYGHKDYGHDDYGYKGYDDKDYGYKGYDDYY,0
MPRTFEEECDFIDRLTDTKFRIKKGFVPNMNVEGRFYVNNSLEQLMFDELKFSCDGQGIGGFLPAVRQIANVASLPGIVGHSIGLPDIHSGYGFSIGNIAAFDVGNPESVISPGGVGFDINCGVRLLRTNLFEENVKPLKEQLTQSLFDHIPVGVGSRGAIPMLASDLVECLEMGMDWTLREGYSWAEDKEHCEEYGRMLQADASKVSLRAKKRGLPQLGTLGAGNHYAEVQVVDEIYDKHAASTMGIDEEGQVVVMLHCGSRGLGHQVATDSLVEMEKAMARDGIVVNDKQLACARINSVEGKNYFSGMAAAANFAWVNRSCITFCVRNAFQKTFGMSADDMDMQVIYDVSHNVAKMEEHMVDGRPRQLCVHRKGATRAFPAHHPLIPVDYQLIGQPVLIGGSMGTCSYVLTGTEQGLVETFGTTCHGAGRALSRAKSRRTITWDSVIDDLKKKEISIRIASPKLIMEEAPESYKNVTDVVDTCDAAGISKKAVKLRPIAVIKG,1
MKLLVLGTGGTIASAKTEMGYKAALSADDILQLAGIRREDGAKIETRDILNLDSTLIQPEDWVTIGRAVFEAFDEYDGIVITHGTDTLAYTSSALSFMIRNPPIPVVLTGSMLPITEPNSDAPRNLRTALTFARKGFPGIYVAFMDKIMLGTRVSKVHSLGLNAFQSINYPDIAYVKGDEVLVRHKPRIGNGEPLFDPELDPNVVHIRLTPGLSPEVLRAVARATDGIVLEGYGAGGIPYRGRNLLEVVSETAREKPVVMTTQALYGGVDLTRYEVGRRALEAGVIPAGDMTKEATLTKLMWALGHTRDLEEIRKIMERNIAGEITGS,1
MRAIISLLLISTMVFGVIEAVSLEEGLKIFEGERGDCVGESQQCADWSGPYCCKGYYCTCRYFPKCICVNDNGK,1
MARSLFKAKLLLAPVADGISLSISRRGYAAAAPLGTISRTGIMEKNDLRPAVREDSGASSAWAPDPITGYYRPENRAVEIDPAELREMLLNHKVRAH,0
MSGTGVLLLTLLLLVAMAASDMLSSLIQAHERDSEESCKSYGGGPCPSGEDCCCPPGRSTGTCKRTCNNGSVCA,1
MGPTKYIIIAVVIIIICVILGLYIVDKKAKEKLSEASKEARRLKEEAERDAEAKKKEAILEAKEEAHKLRAEVERENRERRNEVQRLERRIIQKEEALDKKSEALENKEEALNKKQQKIEDVETHMEELHEKQRTELERISGLTTEQAKEFLLEQVRKEVKHETAVMIKEIETKAKEEADKRAREVITYAIQRCAADHVAETTVHVVNLPNDEMKGRIIGREGRNIRTLETLTGVDLIIDDTPEAVILSGFDPIRREVARIALEKLIVDGRIHPARIEEMVEKAKKEVEISIKEEGEQATFETGIHGLHIELIRLLGRLKYRTSYGQNVLKHSIEVSHLAGLMASELGIDPTLAKRVGLLHDIGKAVDHEVEGPHAIIGSEIAKKYRESALVVNAIGAHHGDMEPQSLEAILVQAADAISAARPGARRETLEAYIKRLEKLEEIANECEGVEKSYAIQAGREIRIMVKPEVLDDTGCIEMARNIVKQIESELEYPGQIKVNVIRETRAIEYAK,1
MGHSGENVLCVALLAIYLAAGGAAKPVMPERRGYAPPFTAAPSTLGTVDVTACGGITLPTKVDFRGSGGVQVIVRWFFGAPIDDNTTDLCWVPLHSYQADGCHFPADDDFNISTCCAHGTLFVSPDSDYSSYLTGNGDLRVYPGTMDAGIYAFYVRIGDDHFVGAWDLRVKHSKYCHGDYGMKVQVQSLPESSEERVVATDSDSGSCEDDEKEEKSDCEFPEIAVPQTWSKVCTATWGEHGSRLFVWPACLGTHQESIEGAHTAMPVLYYGSKPIASEQK,0
MEKKDLSLSVTLIDVYCSISLYCSNSTSGYFSTNNGKASAKSVRFPTGSGNGIYPPLKWTNLFCNFILIAPGLFNSSSFNVIKKGTPNNIAFL,0
MNSVTKISTLLIVILSFLCFVEGLICNSCEKSRDSRCTMSQSRCVAKPGESCSTVSHFVGTKHVYSKQMCSPQCKEKQLNTGKKLIYIMCCEKNLCNSF,1
MIRVGVLDLQGSVVEHMKILEKIDNVEPVRVKYKEDLDNIQGIILPGGESTTLGKLLKDFHIHDTLKEKIENGLPVWGTCAGMILLAKDIQGQEESYFKVIDIEVKRNAYGSQLNSFSIEEMLEDIDKEPIELVFIRAPYITTVGPNVTILKRVRKNIVAAKEKNVLVTSFHPELTEDTRFHRYFIDKFIKNK,1
MGRMFGTDGVRGIANKELTADLAYKLGKAGAFILTEGTHRSKILVGMDTRISGDMLESALVAGILSVGAEAICVGVIPTPAIAYLTRKYNADAGVVISASHNPVEYNGIKFFNKNGYKLSDELEDSIQALIRDDFKDVPVLTGENIGRKIEEDGEAIRDYIDFAKSTIKGDLKGLKVALDCANGASYITSVEAFKELGAEVHVINNKPDGININRNSGSTHPEDLMEYVVKNNCHMGLAFDGDADRCLAIDEKGNLINGDFILAICGKELKKQGRLKKNTIVVTVMSNLGLDIAMKKEEINTIKTKVGDRYVLEEMLKNDYAIGGEQSGHIIFSDYNTTGDGLVTALQLAHIVKESGKTFSELCSIMKELPQVLVNAKVPNDQKDIYLKDEEIKSEIDTITKNLDGSGRVLIRPSGTEPLVRVMLEGENQKEIDKLAHGLAKLIENKVK,1
MLEIEKPKIECVENAEDGSYGKFVIEPLERGYGITLGNALRRILLSSLPGVAADHIKIDSVLHEFSTVQGVKEDVTELILNIKCLALTMNGEGPKTIYIDEVGPKEVTAADIKTDGDVEVINKDLHIATLDENGKMYMEINVNRGRGYVTQNKNKTKDMPIGSIAVDSIYTPVKRVNFSVENTRVGQITDYDKLTIEVWTNGTIRPEEAVSLSAKILIEHFKLFMTLTDHADDMEIMVEKEEDKKEKVLEMTIEELDLSVRSYNCLKRAGINTVQELCERSMDDMMKVRNLGKKSLEEVEQKLEALGLGLRKSED,1
MKFVLLFGVLLVTLFSYSSAEMLDDFDQADEDELLSSIEKEEARAKECTPRFYDCSHDRHSCCRSELFKDVCTCFYPEGGDNEVCTCQQPKHLKYMEKAADKAKKFGGKIKKWFG,1
MVVVDKEIKKGQYYLVNGNVVRVTYVNGFDVYYLILKLHKRMICDRAVFSSVAKEIKLHG,0
MTKSELVAQLASRFPQLVLKDADFAVKTMLDAMSDALAKGHRIEIRGFGSFGLNRRPARVGRNPKSGEKVQVPEKFVPHFKPGKELRERVDGRAGEPLKADDPDDER,0
MRSLYLSFSLTIIFVLVIMHAEAKAISEPNAIAEADPRFLNILKTIGKILLPIIPTVAEKIKEKVG,1
MVKKIHFIMERHASIVAFLLAVLALTESQAFTSVKLPRDEHWPYNYVSIGPAGVWAVNRQNKLFYRTGTYGDNANMGSGWQFKQDGVGQVDVGKDKVGYINLSGGSLFRIDGISQGNPVGGSPKSWEWWTKYIGMSLREDTRFSSRIENQNKVLTFTFRTCFWASRITNWCFADSSYTETVTAGGSGTWITKSQLKYKSGTFGNPDTEGGDWITVDSGSFQHVSSGSGVVLAVRSNGELVKRTGITCSLPQGSGWTSMLNGMSRVDTYGTVAWAVDTYGDLYFINL,1
MSNDSSKAKQNQVDEAVEGEILTESEVETGNDEASLMDELTQANFRVEELEQALAEANAKIEEQKDSVTRAAASEANIRRRAAQDVEKAHKFALEKFANELLPVIDNMERALQGTNAEAEETKAIYEGVELTLKSFVSTVDKFGLKEVNPHGESFNPEHHQAIGMQPSPEFPANTVMMVMQKGYILNDRLLRPAMVMVSQGGSGVDTQA,0
MNPIAFHVGNLAIRWYGVIISMGTALGLLLAMYNCKIREASYDEFINMFLIAFPSAIIGARLYYVIFEFEDYRDNLINIFNTRQGGLAIHGGIIFGVLAVYIYLKYRKESFFEYVDVAAPSIILGQAIGRWGNFFNSEAHGGPVTKEFISKFPQFIQNGMFIEGTYYHPTFLYESIWNFIICIFLVYLLKKTKKKGIVFMAYIGLYSLGRFFIEGLRTDSLYLGSIRVAQLISVLGIILSIFFIYNIIKKEKRY,1
MSKNSVIIVAAGKGKRMNSSISKQFLQIKNKPILYYTLSKFSTHESIDEIVLVTLEDKIEVCSDIIDKYNINKVSKIVPGGKERQDSVYNGLKGVSKDCEVVLIHDAARPFVTSDIIENGIRYTNQYGAAACGVIPKDTIKIKNEKGFAIDTPNREDLFIVQTPQCFNYNIILSCHEKLKKHNKKVTDDTMVLENYGKSVYLYEGSYSNIKITTPEDLILGEQILEKLT,1
MSNLENLTSKIIEDANKEAEELLSEAKKEENKIVDEKVKKGNKAKEQIIEKSKREAKTKAERIISNTHLKIRNNKLEAKQEMINKVFDEAVIKLQNLSKDEYLDFVKSSILSLDIEGDEEIIISPNDKDKMDVNFMLTLNNKLKAKGKKGLLKISNENRNIKGGFILYKNGIEINNSFEALVDSLRDELEQEIIEALFS,1
MTTLGMTMLVLLLLLPLATCLGDGERSPWDSLLRALRSDPQACEPTISGGEMICRDEVCASTGCNCGYNIAKAHCYCACP,1
MKTSVLVTVLGLAVISVLCSASQDEEQDMYDELLSAVFEVNDELQSEARCGEKNDRCKTNQDCCSGFRCTKFRRCGRR,1
MIMLSFMGFLQSCLLIVNSFAILNERFLNKIGWGVKSDLDMNSFKGKIITLLHSLRFFFRSMFSNI,0
MSIRLDNISKHFGQFQALAPLSLKIEDGEMIGLLGPSGSGKTTLLRIIAGLEGADSGTIHFRNRDVTNVHVRDRRVGFVFQNYALFRHMTVADNVAFGLQVMERAQRPNPAEIQKRVKQLLEIVQLGHLAHRYPEQLSGGQKQRIALARALATQPEVLLLDEPFGALDAKVRKELRRWLRSLHDELGFTSVFVTHDQDEALELSDRVVVMSNGRIEQIDSPVELYAQPNSRFVFDFFGNVNQFAGEWQNGQWVNGSAFIQPPESDATRQSGLLYVRSHELALSDKENSQASLPFEVVSINPVGAEVRVELASVGWQSQELWEAKLSHRSLSEKRLSRGDQVFATPQVGYFFASEGQSSPSVLRWPFLAPGSLMFEI,0
MSLFKGFMINLFLTPIPDSPMNLLTIGTGIIGVIGGILVVKGFTFFDKCYNKNSTNNSNSDECLPIFIGGLLGGIIGIATGFSITIIIAITLAIKSIINCVESQ,0
MKVAILGAGCYRTHAASGITNFSRAAQVAKEAGMPEIAMTHSTITMGAELLHLIPEITEVVVSDPCFGEEPGMIVLDQFDYKAVMEAHLAGEAEKVMPEIRAAVTAKAKETPKPPKGCIHFVHPETIGLKVTASDVEAVKDADIVITWLPKGGSQPAIIEKFASEIKKGAIVTHACTIPTPKFAKIFKDLGRDDLNIIAYHPGAVPENKGQAFLSEGLADAEKVEEFYCIAKAARGEAFKMPAKLISPVCDMGSAVTAPVYAGILAYRDAVTQILGAPADFAQMMADEAITQLLDLMRSEGIKNMEDKLNPKALTGTADSMCFGPLADILPASLKVLEKHANENKCECGNSIKP,0
MAKTLSDIKRSLDGNLGKRLTLKANGGRRKTIERSGILAETYPSVFVIQLDQDENSFERVSYSYADILTETVELTFNDDAASSVAF,0
MSGRGFLLLALLLLVTVEATRVEKKHSGILLAWSGPRNRFVRIGRRDMQSPLLSERLRFRALGFRQPSSQKQ,1
MSVTTKDVTYIAELAKLKFSDDEMLTMTSELNNILHYVEKLNEVDTEGVLPLSTIHDAVNVLREDVEHQPLSSTAVLLNAPDRQDRFFKVPKVIG,0
MGQKVHPHGLRVGVIKEWDAKWYADKKNFADNLVEDHKIRNFVKKNSYAAGVSRIEIERAAKRIKLNIYTAKPGMIIGKGGQGIESLKNKLQKIVSNKNILINIVEVKRPEADAQLIAENIAQQLEKRIAFRRAMKQSIQRAMRSGVKGIKTACSGRLAGAEIARTEHYNEGTIPLQTLRADIDYGFAEADTTYGKIGVKVWVYKGEVLPARKNINEKEEANA,1
MDNYSVQNFYNNDRKPLKPTTLHDGNIKKSVYEDVTYIRKLMCKEIMPGEHDHKFYNYGYNKENKYK,0
MKNYIEIVDVYARQILDSRCNPTVEVEVELEDGTVGVAAVPSGASTGAFEAVELRDGDKSKYLGKGVLKAVDNVNTIIADELVGMNVLDQVAIDKTMIELDGTDNKAKLGANAMLGVSLACAKAAANSLGMSLYQYIGGVNGKVLPVPMMNIINGGKHADNNVDLQEFMIMPAGAPSFSEALRMCSEVYHALKSTLKAQGYDTGVGDEGGFAPNLKSNEEAIVVIIEAIKKAGYTPGEDIFIALDPASSEIFEDGKYNLAGEGRVLTPEEMANYYVELAEKYPIISIEDGMAEEDWDGWKILTEKIGNKVQLVGDDLFVTNTERLSKGIKLGVANSILIKLNQIGTLTETLNAIEMAERAGYTAVVSHRSGETEDTTIADLVVAVNAGQIKTGAPARSERVAKYNQLLRIEEELNDMGEYRGLKAFYNINK,1
MIAMSNMDDELEEIRKRRLAEIQRQQAQQQPSDVQAAYQQEQARAEMEAQKQAILRQILTPEARERLTTLKMSRPALGEQLEMQLISLAQSGRLKAQIDDEQLKTLLMRMQPKKRKTSITRV,0
MEKPSREAFEGNNKLLIGIVLSVITFWLFAQSLVNVVPILEDSFNTDIGTVNIAVSITALFSGMFVVGAGGLADKYGRIKLTNIGIILNILGSLLIIISNIPLLLIIGRLIQGLSAACIMPATLSIIKSYYIGKDRQRALSYWSIGSWGGSGVCSFFGGAVATLLGWRWIFILSIIISLIALFLIKGTPETKSKSISLNKFDIKGLVLLVIMLLTLNILITKGSELGVTSLLFITLLAIAIGSFSLFIVLEKRATNPLIDFKLFKNKAYTGATASNFLLNGVAGTLIVANTFVQRGLGYSSLQAGSLSITYLVMVLIMIRVGEKLLQTLGCKKPMLIGTGVLIVGECLISLTFLPEILYVICCIIGYLFFGLGLGIYATPSTDTAIANAPLEKVGVAAGIYKMASALGGAFGVALSGAVYAIVSNMTNIYTGAMIALWLNAGMGILSFVIILLLVPKQNDTQL,0
MKLLLTLLLGSALMCITLADECGLGTHRPVKEVIDNVRTMYYCDCRAGDAERSITVSRCDDNNQKQDDVILTYCGLEQTTGCNTNPYTAAKHDSSGDKPQFYCSCLNYKYEQSHSDYRHWTIRCYMGNICD,1
MTEAPAEFPPEDGTPPREPGDEWVIEILREIKEEALKHFDPRLLTALGYYIYTRHGDTLEGARELIRVLQRALFTHFRAGCGHSRIGQPRGRNPLSAIPTPRNMQ,0
