Sequence,Label
YCQFKMWTCDSERKCCEDMVCRLWCKLNL ,1
 GLLDTFKNLALNAAKSAGVSVLNSLSCKLSKTC,0
 NLIQFSNMIQLDRCCETHDNEAEKKGCYPKLTLY,0
 MATLDFTTKPLALVIYMSVVLLLMVGVPLLFSS,0
GADEDCLPRGSKCLGENKQCCEKTTCMFYANRCVGI ,1
 MNQLGSGPTKQGVATNTGSTGTTKNNSNLSGKGWVL,0
 MPSQEDAVAWSTGCCGLVIVWFVLGRLAGSVAGMFNDR,0
DVCDSLVGGHCIHNGCWCDQDAPHGNCCDTGGCVWWWCPGTKWD ,1
SVDFDSESPRKPEIQ ,1
NWSWCSGSGEGCDYHSECCGERCCIESMCIGDGVACWP ,1
 YSRCQLQGFNCVVRSYGLPTIPCCRGLTCRSYFPGSTYGRCQRF,0
NVDFNSESTRRKKKQKEIVDLHNSLRRRVSPTA ,1
ECRYWLGGCSKTGDCCEHLSCSPKWHWCVWDGTF ,1
TVIDVKCTSPKQCLPPCKAQFGIRAGAKCMNGKCKCYPH ,1
 DECANAAAQCSITLCNLYCGPLIEICELTVMQNCEPPFS,0
 YVVPAAKLEAIYPKGLRVSI,0
 MKVRCFCVVLLVSGTLCLHADRSYPGNSVPVTLNVQSR,0
 SGSAKVAFSAIRSTNH,0
